cell_id,batch,cycle_life,policy_group,partition,cv_fold
b1c11,Batch 1,788.0,5.4|0.5|3,train_cv,5
b1c14,Batch 1,880.0,5.4|0.6|3,train_cv,3
b1c15,Batch 1,719.0,5.4|0.6|3,train_cv,3
b1c16,Batch 1,862.0,5.4|0.6|3.6,train_cv,2
b1c17,Batch 1,857.0,5.4|0.6|3.6,train_cv,2
b1c18,Batch 1,691.0,5.4|0.7|3,train_cv,1
b1c19,Batch 1,788.0,5.4|0.7|3,train_cv,1
b1c20,Batch 1,534.0,5.4|0.8|5.4,train_cv,5
b1c21,Batch 1,559.0,5.4|0.8|5.4,train_cv,5
b1c23,Batch 1,1014.0,6|0.3|3.6,train_cv,4
b1c24,Batch 1,1017.0,6|0.4|3,train_cv,4
b1c25,Batch 1,854.0,6|0.4|3,train_cv,4
b1c26,Batch 1,870.0,6|0.4|3.6,train_cv,3
b1c27,Batch 1,842.0,6|0.4|3.6,train_cv,3
b1c28,Batch 1,860.0,6|0.5|3,train_cv,2
b1c29,Batch 1,917.0,6|0.5|3,train_cv,2
b1c30,Batch 1,709.0,6|0.5|3.6,train_cv,1
b1c31,Batch 1,876.0,6|0.5|3.6,train_cv,1
b1c32,Batch 1,731.0,6|0.6|3,train_cv,5
b1c33,Batch 1,757.0,6|0.6|3,train_cv,5
b1c34,Batch 1,742.0,7|0.3|3.6,train_cv,4
b1c35,Batch 1,703.0,7|0.3|3.6,train_cv,4
b1c36,Batch 1,704.0,7|0.4|3,holdout,
b1c37,Batch 1,648.0,7|0.4|3,holdout,
b1c38,Batch 1,617.0,7|0.4|3.6,train_cv,3
b1c39,Batch 1,625.0,7|0.4|3.6,train_cv,3
b1c40,Batch 1,966.0,8|0.15|3.6,holdout,
b1c41,Batch 1,1051.0,8|0.15|3.6,holdout,
b1c42,Batch 1,702.0,8|0.25|3.6,train_cv,2
b1c43,Batch 1,651.0,8|0.25|3.6,train_cv,2
b1c44,Batch 1,616.0,8|0.35|3.6,train_cv,1
b1c45,Batch 1,599.0,8|0.35|3.6,train_cv,1
b1c5,Batch 1,1074.0,4.4|0.8|4.4,holdout,
b1c6,Batch 1,636.0,4.8|0.8|4.8,holdout,
b1c7,Batch 1,870.0,4.8|0.8|4.8,holdout,
b1c9,Batch 1,1054.0,5.4|0.4|3.6,train_cv,4
