cell_id,batch,cycle_window,early_cycles_used,max_cycle_used,charge_mean_a,charge_rms_a,charge_p95_a,charge_fraction_gt4a
b1c0,Batch 1,2-5,4,5,2.123369173454936,2.5805243422173056,3.600201477272727,0.0
b1c1,Batch 1,2-5,4,5,2.121338280255709,2.5756072727971793,3.6002059318181816,0.0
b1c2,Batch 1,2-5,4,5,2.0949891344658367,2.5552392345511294,3.600195647727272,0.0
b1c3,Batch 1,2-5,4,5,2.177568543446365,2.73838191138642,4.000210215909091,0.22754032573767652
b1c4,Batch 1,2-5,4,5,2.218162746306146,2.7662090451108132,4.000261795454545,0.23334087030854478
b1c5,Batch 1,2-5,4,5,2.3088579055920047,2.9558497407427575,4.400197488636364,0.4319368891215582
b1c6,Batch 1,2-5,4,5,2.3969030157705324,3.1399611796802134,4.800153,0.41109048256823205
b1c7,Batch 1,2-5,4,5,2.3131702309159072,3.0637079093230066,4.800102056818181,0.3897329826809537
b1c8,Batch 1,2-5,4,5,2.2358719196847323,2.9241601310000727,5.4002228522727265,0.1680712791303002
b1c9,Batch 1,2-5,4,5,2.262860074309172,2.950473741435912,5.4003295,0.1714477545441387
b1c10,Batch 1,2-5,4,5,2.2585901635884813,2.9564548454515123,5.400493363636364,0.21550508714154185
b1c11,Batch 1,2-5,4,5,2.2804768782740825,2.993149945778458,5.400338602272727,0.2221486552494233
b1c12,Batch 1,2-5,4,5,2.3424981997783383,3.078763866250438,5.400408829545455,0.2228836690409597
b1c13,Batch 1,2-5,4,5,2.3345161374895382,3.0704249279399507,5.400404920454545,0.22158505285164568
b1c14,Batch 1,2-5,4,5,2.3689961712170335,3.1283812239962554,5.400485545454544,0.27243085487887886
b1c15,Batch 1,2-5,4,5,2.395825709164771,3.156909679500462,5.400510261363636,0.2781017749671203
b1c16,Batch 1,2-5,4,5,2.3756706865708117,3.1660843854358425,5.400454772727272,0.2703358851144126
b1c17,Batch 1,2-5,4,5,2.3934105892914603,3.1885359954755748,5.400455215909091,0.2747426420276843
b1c18,Batch 1,2-5,4,5,2.0076841118602,2.9342800351635283,5.400511147727272,0.2636207471560994
b1c19,Batch 1,2-5,4,5,2.3777353472489864,3.2081567969576557,5.400434409090908,0.31428464760372454
b1c20,Batch 1,2-5,4,5,2.541882115328244,3.4263749628193967,5.400542340909091,0.38919021670052933
b1c21,Batch 1,2-5,4,5,2.518228924799303,3.399833635395047,5.404554261363636,0.38151821354648413
b1c22,Batch 1,2-5,4,5,2.2490001867850826,2.944109966249104,6.000126931818182,0.11530333443035985
b1c23,Batch 1,2-5,4,5,2.2616800994472728,2.9524394954481528,6.000056693181818,0.11595105749839216
b1c24,Batch 1,2-5,4,5,2.23930717938192,2.94422028932846,6.000308556818181,0.15386039959610304
b1c25,Batch 1,2-5,4,5,2.25496085650465,2.9542324341441883,6.000360579545454,0.15488469902888125
b1c26,Batch 1,2-5,4,5,2.3011533606192622,3.0624325960152925,6.000171568181818,0.15600366388349282
b1c27,Batch 1,2-5,4,5,2.3214096949533554,3.0857727380628206,6.000237454545454,0.15872347793548236
b1c28,Batch 1,2-5,4,5,2.322494872161644,3.112517918931146,6.000426045454546,0.19890904251384822
b1c29,Batch 1,2-5,4,5,2.318015509371344,3.106976566893568,6.000373147727273,0.19810299619244004
b1c30,Batch 1,2-5,4,5,2.3945658928227247,3.2259223251361786,6.00026521590909,0.2045063443759327
b1c31,Batch 1,2-5,4,5,2.3658587630434704,3.189276349793489,6.000307670454545,0.19922871484230234
b1c32,Batch 1,2-5,4,5,2.4148263460399293,3.2885488638882037,6.000331102272727,0.24818054548158983
b1c33,Batch 1,2-5,4,5,2.3346372055500972,3.2147146828185207,6.000430818181818,0.23636792882505597
b1c34,Batch 1,2-5,4,5,2.289761212738527,3.0903048353146247,7.000116443181818,0.1009425131086545
b1c35,Batch 1,2-5,4,5,2.3420869960345896,3.132443142386461,6.999990272727272,0.10381954698276881
b1c36,Batch 1,2-5,4,5,2.275120388550725,3.1170537473601545,7.000202715909091,0.13358495984770244
b1c37,Batch 1,2-5,4,5,2.2496274200002766,3.1022931293048166,7.00016325,0.13241417501507957
b1c38,Batch 1,2-5,4,5,2.415747083591115,3.309337708171845,7.000541670454545,0.14248441701493186
b1c39,Batch 1,2-5,4,5,2.3681063054466622,3.265221810001693,7.000515249999999,0.13841163105104462
b1c40,Batch 1,2-5,4,5,2.172135373089156,2.864972197103051,3.600596727272727,0.04160720297151227
b1c41,Batch 1,2-5,4,5,2.210089977000973,2.895114566465018,3.600673909090909,0.04252438115509957
b1c42,Batch 1,2-5,4,5,2.291605214019939,3.117627265975136,7.9993013977272724,0.07340473738196199
b1c43,Batch 1,2-5,4,5,2.3025414576492373,3.138298852974793,7.9997396363636355,0.07462295471898875
b1c44,Batch 1,2-5,4,5,2.3618342882817775,3.323220982698086,8.000059556818183,0.10543025739254698
b1c45,Batch 1,2-5,4,5,2.367027795263848,3.3277447188098797,8.000061727272726,0.10578163920839782
b2c0,Batch 2,2-5,4,5,2.345998386223878,3.1081378806243083,5.200771420454545,0.39273314520890507
b2c1,Batch 2,2-5,4,5,3.1272317266902263,3.744542791756842,5.601266511363635,0.5833847639375485
b2c2,Batch 2,2-5,4,5,2.4429766170766034,3.1999136442687783,5.200724602272727,0.42446856878088296
b2c3,Batch 2,2-5,4,5,2.3892475081230113,3.1253580847297497,5.0015458181818175,0.4055475676011674
b2c4,Batch 2,2-5,4,5,2.3764488218603743,3.117594077988376,4.649435397727272,0.4060573628489661
b2c5,Batch 2,2-5,4,5,2.389614746364039,3.2103759162683985,6.001269170454544,0.202258114390274
b2c6,Batch 2,2-5,4,5,2.391954425018038,3.1491527313349894,4.9994711249999995,0.3510596314537016
b2c7,Batch 2,2-5,4,5,2.390592366018841,3.1265322388286405,4.801199227272727,0.40678700662242434
b2c8,Batch 2,2-5,4,5,2.3555599138183134,3.1227547332669947,5.201012443181817,0.39684650212428246
b2c9,Batch 2,2-5,4,5,2.3546544751877394,3.110467714842547,5.601980045454544,0.3980033956367296
b2c10,Batch 2,2-5,4,5,2.3365760330350773,3.077289083482339,4.800780022727272,0.39313633836710843
b2c11,Batch 2,2-5,4,5,2.352166333460027,3.1138943022640135,5.201206193181818,0.39976881218692817
b2c12,Batch 2,2-5,4,5,2.3601552379195576,3.098605642856073,5.0015111249999995,0.39826935274185504
b2c13,Batch 2,2-5,4,5,2.34307686866885,3.090843343470986,4.651784886363636,0.39710452964730286
b2c14,Batch 2,2-5,4,5,2.396141614388059,3.2200891323872867,6.0016870454545455,0.20612624664877202
b2c15,Batch 2,2-5,4,5,2.4393553554056915,3.2032507281243823,5.001809386363636,0.3646207823297765
b2c16,Batch 2,2-5,4,5,2.3833634809873905,3.1183325147757657,4.800536840909091,0.4043503428239451
b2c17,Batch 2,2-5,4,5,3.2099540526001715,3.811986741047574,5.60138096590909,0.6077572036755546
b2c18,Batch 2,2-5,4,5,2.451431487887397,3.1976907049612127,5.200955215909091,0.4228471943885581
b2c19,Batch 2,2-5,4,5,2.3991895411217845,3.26921709217979,6.000183727272726,0.24483752105983206
b2c20,Batch 2,2-5,4,5,2.3958595379015275,3.1468614738749325,5.200917931818182,0.40268165578063997
b2c21,Batch 2,2-5,4,5,2.3822794143182593,3.251861973072724,6.000999522727272,0.24200063974296587
b2c22,Batch 2,2-5,4,5,1.6924872474584498,1.8118985300368131,2.000305227272727,0.0
b2c23,Batch 2,2-5,4,5,3.0103718060533087,3.388748905301724,4.000345363636363,0.6674300367443393
b2c24,Batch 2,2-5,4,5,2.3889241047734098,3.1261688809563477,4.8011745113636355,0.40682964438258085
b2c25,Batch 2,2-5,4,5,2.400811540593064,3.1479153572921246,5.201155920454545,0.40278550398374974
b2c26,Batch 2,2-5,4,5,3.04788907995799,3.68762874411537,5.601008602272727,0.5631052472629517
b2c27,Batch 2,2-5,4,5,2.391773501969711,3.142743118014087,5.200656977272727,0.4074540034016
b2c28,Batch 2,2-5,4,5,2.384571294294505,3.1273663628544286,4.799443590909091,0.40790950974088763
b2c29,Batch 2,2-5,4,5,2.354772329430707,3.114417317003166,5.201995602272727,0.39410207252042573
b2c30,Batch 2,2-5,4,5,2.9888855360111988,3.6454031024821845,5.601576909090908,0.5485521246453005
b2c31,Batch 2,2-5,4,5,3.025137879582603,3.6705125868852875,5.6007775454545445,0.5580146073637332
b2c32,Batch 2,2-5,4,5,2.3789275620010644,3.119686262320758,4.798773,0.4056430835284422
b2c33,Batch 2,2-5,4,5,2.4900618093534908,3.2251193782323018,5.2019452954545455,0.4238679092554244
b2c34,Batch 2,2-5,4,5,2.4982462534515375,3.231935973547735,5.601458125,0.43140624264837707
b2c35,Batch 2,2-5,4,5,3.950526581616711,4.701071731582374,6.000796238636363,0.6229567953934461
b2c36,Batch 2,2-5,4,5,4.450728794592145,5.521141022928391,8.000749693181817,0.5813007054590755
b2c37,Batch 2,2-5,4,5,2.118786722155675,2.571743771389977,3.6003247159090908,0.0
b2c38,Batch 2,2-5,4,5,2.4108178681990733,3.1464910971423694,4.80135484090909,0.4122394020867687
b2c39,Batch 2,2-5,4,5,2.4616264045146443,3.2089130680932283,5.000928534090908,0.36491253795568673
b2c40,Batch 2,2-5,4,5,2.404662819345178,3.1636592755521704,5.201034556818181,0.40780484054917376
b2c41,Batch 2,2-5,4,5,3.013237486648391,3.6613402984631547,5.601013363636364,0.5550233105593484
b2c42,Batch 2,2-5,4,5,2.352567167674954,3.108673866104656,5.2002833181818175,0.3980023936908375
b2c43,Batch 2,2-5,4,5,2.368981275941926,3.102707211630574,4.801410329545454,0.3997668513148606
b2c44,Batch 2,2-5,4,5,2.3745575402522046,3.1276357763237437,5.200563772727272,0.37160782677678417
b2c45,Batch 2,2-5,4,5,2.3652040117310644,3.111036614627092,5.601119113636363,0.3975810728634961
b2c46,Batch 2,2-5,4,5,2.356597672612813,3.098034017565571,4.801536886363635,0.39887848146718247
b3c0,Batch 3,2-5,4,5,2.4426588046555784,3.1772846437274227,5.000560931818182,0.41419122166916966
b3c1,Batch 3,2-5,4,5,2.4568582576134075,3.2049228749316176,5.301628124999999,0.4172654318910656
b3c2,Batch 3,2-5,4,5,2.492804342469556,3.2175130892911685,5.600189284090909,0.429048553412357
b3c3,Batch 3,2-5,4,5,2.4843068783426165,3.2255876184488317,5.601087909090909,0.4264796601635181
b3c4,Batch 3,2-5,4,5,2.4120597546081677,3.152397762608181,5.598806056818182,0.411215658277835
b3c5,Batch 3,2-5,4,5,2.4808171321452286,3.236687404375401,5.600555579545454,0.4307950219978739
b3c6,Batch 3,2-5,4,5,2.482417055557359,3.2778397232747936,5.899599681818182,0.2138417192251018
b3c7,Batch 3,2-5,4,5,2.298365268731586,2.9288092922603237,4.36469121590909,0.4303457089335128
b3c8,Batch 3,2-5,4,5,2.3969479126423883,3.1417572869822434,4.999918056818181,0.3801100088368374
b3c9,Batch 3,2-5,4,5,2.3752911997575827,3.1390047066940348,5.301428284090909,0.39992276359794743
b3c10,Batch 3,2-5,4,5,2.326483763337179,2.9523635666289243,4.3648559431818175,0.43785227063157206
b3c11,Batch 3,2-5,4,5,2.3928213951702793,3.136756515773187,5.600978670454545,0.40676906356022835
b3c12,Batch 3,2-5,4,5,2.3732272220800135,3.132184884925218,5.5997796477272725,0.401045713882472
b3c13,Batch 3,2-5,4,5,2.37597140008094,3.1273666586731945,5.600132079545455,0.4047161714803711
b3c14,Batch 3,2-5,4,5,2.3636010907432237,3.127187892815742,5.601066659090909,0.39994580585277795
b3c15,Batch 3,2-5,4,5,2.380122675820743,3.1311816871685014,5.901323647727272,0.4043017237573594
b3c16,Batch 3,2-5,4,5,2.397231065587576,3.0090227050414744,4.364027977272727,0.4557312323251745
b3c17,Batch 3,2-5,4,5,2.497910447988329,3.236715561862171,5.301505874999999,0.3523668381640773
b3c18,Batch 3,2-5,4,5,2.471399157560358,3.2009552953702904,5.600787079545454,0.42432069505907904
b3c19,Batch 3,2-5,4,5,2.440962534877167,3.1921779138856965,5.600448522727271,0.4174663754079535
b3c20,Batch 3,2-5,4,5,2.4070978321138856,3.1490106065987833,5.00079503409091,0.3974273888701549
b3c21,Batch 3,2-5,4,5,2.4910059827408633,3.2815536402682652,5.900564602272726,0.21472629356204187
b3c22,Batch 3,2-5,4,5,2.5021117140572486,3.34665250625882,5.900108579545454,0.2637137970683361
b3c23,Batch 3,2-5,4,5,2.3268435214736276,2.9501884045179523,4.364916624999999,0.4367075375334075
b3c24,Batch 3,2-5,4,5,2.495826247449819,3.229870770058025,5.001112772727272,0.4260921167951742
b3c25,Batch 3,2-5,4,5,2.4475787302461494,3.197534330630557,5.301280454545454,0.4015198854586658
b3c26,Batch 3,2-5,4,5,2.397755785969207,3.137428096954711,5.6003453522727265,0.4066524425150736
b3c27,Batch 3,2-5,4,5,2.4465778060416854,3.1975940715966633,5.599340943181818,0.41941071273218317
b3c28,Batch 3,2-5,4,5,2.4734005052581365,3.2796372012471746,5.900743227272727,0.21430473044227386
b3c29,Batch 3,2-5,4,5,2.3773904893081146,3.132761245383825,5.900904045454546,0.4051385057248269
b3c30,Batch 3,2-5,4,5,2.3836971811803394,3.144396662299031,5.300483693181818,0.32942364504451804
b3c31,Batch 3,2-5,4,5,2.4098837915279425,3.258230766759171,5.899062602272727,0.24910207286467312
b3c32,Batch 3,2-5,4,5,2.3793895451519926,2.989669329749209,4.364777477272726,0.4486639795875843
b3c33,Batch 3,2-5,4,5,2.4981186553130055,3.230309512198828,5.000707875,0.40417415835129705
b3c34,Batch 3,2-5,4,5,2.4996557804318473,3.246317856418587,5.300398738636363,0.3179808037294579
b3c35,Batch 3,2-5,4,5,2.486315368307669,3.2199268978069893,5.600322374999999,0.43014779754276494
b3c36,Batch 3,2-5,4,5,2.5141039746768663,3.260813812123485,5.60061584090909,0.4373597227211417
b3c37,Batch 3,2-5,4,5,2.446121947118619,3.058975119742536,4.364421568181818,0.4729766002847294
b3c38,Batch 3,2-5,4,5,2.476031947973745,3.2054279275143114,5.000751238636363,0.36175701871597093
b3c39,Batch 3,2-5,4,5,2.5544697128382574,3.2983679694359,5.3005972727272725,0.35280645514913733
b3c40,Batch 3,2-5,4,5,2.398950238645539,3.150409562594457,5.600221363636363,0.4113263758898701
b3c41,Batch 3,2-5,4,5,2.486542583681694,3.2327319322620074,5.600338409090909,0.429275248331582
b3c42,Batch 3,2-5,4,5,2.301992014908806,2.9309222676772846,4.364497875,0.43096250348202153
b3c43,Batch 3,2-5,4,5,2.4102344130947446,3.145954596914207,5.001342079545454,0.3655415094505869
b3c44,Batch 3,2-5,4,5,2.390296304622739,3.148289091150678,5.300217556818182,0.37524141349417084
b3c45,Batch 3,2-5,4,5,2.324350024911503,2.9500323431940587,4.364966909090909,0.4367369176872932
