batch,feature,target,n,spearman
Batch 1,charge_mean_a,cycle_life,46,-0.6216849647940815
Batch 1,charge_mean_a,qd_slope_10_100,46,-0.25291396854764103
Batch 1,charge_mean_a,log_var_delta_q,46,0.5691643539932162
Batch 1,charge_mean_a,c1,46,0.12062359342992184
Batch 1,charge_rms_a,cycle_life,46,-0.8054767500209034
Batch 1,charge_rms_a,qd_slope_10_100,46,-0.45124884366327467
Batch 1,charge_rms_a,log_var_delta_q,46,0.7851372186247302
Batch 1,charge_rms_a,c1,46,0.3764899041524685
Batch 1,charge_p95_a,cycle_life,46,-0.6950783286933829
Batch 1,charge_p95_a,qd_slope_10_100,46,-0.4717237126117792
Batch 1,charge_p95_a,log_var_delta_q,46,0.745667591736047
Batch 1,charge_p95_a,c1,46,0.7731048359600866
Batch 1,charge_fraction_gt4a,cycle_life,46,-0.12447569725135696
Batch 1,charge_fraction_gt4a,qd_slope_10_100,46,0.06852525803078548
Batch 1,charge_fraction_gt4a,log_var_delta_q,46,0.11219391931413032
Batch 1,charge_fraction_gt4a,c1,46,-0.5176188048687679
Batch 2,charge_mean_a,cycle_life,39,-0.27340824110110845
Batch 2,charge_mean_a,qd_slope_10_100,47,-0.2682701202590194
Batch 2,charge_mean_a,log_var_delta_q,47,0.29451896392229415
Batch 2,charge_mean_a,c1,43,0.3211016999962468
Batch 2,charge_rms_a,cycle_life,39,-0.3973074218148281
Batch 2,charge_rms_a,qd_slope_10_100,47,-0.2675763182238668
Batch 2,charge_rms_a,log_var_delta_q,47,0.39303885291396856
Batch 2,charge_rms_a,c1,43,0.4362399271229454
Batch 2,charge_p95_a,cycle_life,39,-0.2098390536107359
Batch 2,charge_p95_a,qd_slope_10_100,47,-0.2141535615171138
Batch 2,charge_p95_a,log_var_delta_q,47,0.42599444958371874
Batch 2,charge_p95_a,c1,43,0.6563730674869025
Batch 2,charge_fraction_gt4a,cycle_life,39,0.14971151002907787
Batch 2,charge_fraction_gt4a,qd_slope_10_100,47,-0.15599433385143074
Batch 2,charge_fraction_gt4a,log_var_delta_q,47,0.10979734617637765
Batch 2,charge_fraction_gt4a,c1,43,0.4405760002359886
Batch 3,charge_mean_a,cycle_life,44,-0.0013390654765795156
Batch 3,charge_mean_a,qd_slope_10_100,46,-0.39784150477952507
Batch 3,charge_mean_a,log_var_delta_q,46,-0.030527289546715998
Batch 3,charge_mean_a,c1,46,0.1327042024593062
Batch 3,charge_rms_a,cycle_life,44,-0.26287969619166274
Batch 3,charge_rms_a,qd_slope_10_100,46,-0.44816527906259634
Batch 3,charge_rms_a,log_var_delta_q,46,0.2738822078322541
Batch 3,charge_rms_a,c1,46,0.1961355413381803
Batch 3,charge_p95_a,cycle_life,44,-0.5704418930228735
Batch 3,charge_p95_a,qd_slope_10_100,46,-0.46913351834720934
Batch 3,charge_p95_a,log_var_delta_q,46,0.6990440949737897
Batch 3,charge_p95_a,c1,46,0.6322815541099384
Batch 3,charge_fraction_gt4a,cycle_life,44,0.3740221307477626
Batch 3,charge_fraction_gt4a,qd_slope_10_100,46,0.14745605920444033
Batch 3,charge_fraction_gt4a,log_var_delta_q,46,-0.5960530373111317
Batch 3,charge_fraction_gt4a,c1,46,-0.06755850307019225
