outer_fold,inner_fold,fit_cell_ids,valid_cell_ids,outer_valid_cell_ids,policy_overlap,outer_valid_overlap
1,1,b1c11;b1c14;b1c15;b1c20;b1c21;b1c23;b1c24;b1c25;b1c26;b1c27;b1c32;b1c33;b1c34;b1c35;b1c38;b1c39;b1c9,b1c16;b1c17;b1c28;b1c29;b1c42;b1c43,b1c18;b1c19;b1c30;b1c31;b1c44;b1c45,0,0
1,2,b1c11;b1c16;b1c17;b1c20;b1c21;b1c23;b1c24;b1c25;b1c28;b1c29;b1c32;b1c33;b1c34;b1c35;b1c42;b1c43;b1c9,b1c14;b1c15;b1c26;b1c27;b1c38;b1c39,b1c18;b1c19;b1c30;b1c31;b1c44;b1c45,0,0
1,3,b1c11;b1c14;b1c15;b1c16;b1c17;b1c20;b1c21;b1c26;b1c27;b1c28;b1c29;b1c32;b1c33;b1c38;b1c39;b1c42;b1c43,b1c23;b1c24;b1c25;b1c34;b1c35;b1c9,b1c18;b1c19;b1c30;b1c31;b1c44;b1c45,0,0
1,4,b1c14;b1c15;b1c16;b1c17;b1c23;b1c24;b1c25;b1c26;b1c27;b1c28;b1c29;b1c34;b1c35;b1c38;b1c39;b1c42;b1c43;b1c9,b1c11;b1c20;b1c21;b1c32;b1c33,b1c18;b1c19;b1c30;b1c31;b1c44;b1c45,0,0
2,1,b1c11;b1c14;b1c15;b1c20;b1c21;b1c23;b1c24;b1c25;b1c26;b1c27;b1c32;b1c33;b1c34;b1c35;b1c38;b1c39;b1c9,b1c18;b1c19;b1c30;b1c31;b1c44;b1c45,b1c16;b1c17;b1c28;b1c29;b1c42;b1c43,0,0
2,2,b1c11;b1c18;b1c19;b1c20;b1c21;b1c23;b1c24;b1c25;b1c30;b1c31;b1c32;b1c33;b1c34;b1c35;b1c44;b1c45;b1c9,b1c14;b1c15;b1c26;b1c27;b1c38;b1c39,b1c16;b1c17;b1c28;b1c29;b1c42;b1c43,0,0
2,3,b1c11;b1c14;b1c15;b1c18;b1c19;b1c20;b1c21;b1c26;b1c27;b1c30;b1c31;b1c32;b1c33;b1c38;b1c39;b1c44;b1c45,b1c23;b1c24;b1c25;b1c34;b1c35;b1c9,b1c16;b1c17;b1c28;b1c29;b1c42;b1c43,0,0
2,4,b1c14;b1c15;b1c18;b1c19;b1c23;b1c24;b1c25;b1c26;b1c27;b1c30;b1c31;b1c34;b1c35;b1c38;b1c39;b1c44;b1c45;b1c9,b1c11;b1c20;b1c21;b1c32;b1c33,b1c16;b1c17;b1c28;b1c29;b1c42;b1c43,0,0
3,1,b1c11;b1c16;b1c17;b1c20;b1c21;b1c23;b1c24;b1c25;b1c28;b1c29;b1c32;b1c33;b1c34;b1c35;b1c42;b1c43;b1c9,b1c18;b1c19;b1c30;b1c31;b1c44;b1c45,b1c14;b1c15;b1c26;b1c27;b1c38;b1c39,0,0
3,2,b1c11;b1c18;b1c19;b1c20;b1c21;b1c23;b1c24;b1c25;b1c30;b1c31;b1c32;b1c33;b1c34;b1c35;b1c44;b1c45;b1c9,b1c16;b1c17;b1c28;b1c29;b1c42;b1c43,b1c14;b1c15;b1c26;b1c27;b1c38;b1c39,0,0
3,3,b1c11;b1c16;b1c17;b1c18;b1c19;b1c20;b1c21;b1c28;b1c29;b1c30;b1c31;b1c32;b1c33;b1c42;b1c43;b1c44;b1c45,b1c23;b1c24;b1c25;b1c34;b1c35;b1c9,b1c14;b1c15;b1c26;b1c27;b1c38;b1c39,0,0
3,4,b1c16;b1c17;b1c18;b1c19;b1c23;b1c24;b1c25;b1c28;b1c29;b1c30;b1c31;b1c34;b1c35;b1c42;b1c43;b1c44;b1c45;b1c9,b1c11;b1c20;b1c21;b1c32;b1c33,b1c14;b1c15;b1c26;b1c27;b1c38;b1c39,0,0
4,1,b1c11;b1c14;b1c15;b1c16;b1c17;b1c20;b1c21;b1c26;b1c27;b1c28;b1c29;b1c32;b1c33;b1c38;b1c39;b1c42;b1c43,b1c18;b1c19;b1c30;b1c31;b1c44;b1c45,b1c23;b1c24;b1c25;b1c34;b1c35;b1c9,0,0
4,2,b1c11;b1c14;b1c15;b1c18;b1c19;b1c20;b1c21;b1c26;b1c27;b1c30;b1c31;b1c32;b1c33;b1c38;b1c39;b1c44;b1c45,b1c16;b1c17;b1c28;b1c29;b1c42;b1c43,b1c23;b1c24;b1c25;b1c34;b1c35;b1c9,0,0
4,3,b1c11;b1c16;b1c17;b1c18;b1c19;b1c20;b1c21;b1c28;b1c29;b1c30;b1c31;b1c32;b1c33;b1c42;b1c43;b1c44;b1c45,b1c14;b1c15;b1c26;b1c27;b1c38;b1c39,b1c23;b1c24;b1c25;b1c34;b1c35;b1c9,0,0
4,4,b1c14;b1c15;b1c16;b1c17;b1c18;b1c19;b1c26;b1c27;b1c28;b1c29;b1c30;b1c31;b1c38;b1c39;b1c42;b1c43;b1c44;b1c45,b1c11;b1c20;b1c21;b1c32;b1c33,b1c23;b1c24;b1c25;b1c34;b1c35;b1c9,0,0
5,1,b1c14;b1c15;b1c16;b1c17;b1c23;b1c24;b1c25;b1c26;b1c27;b1c28;b1c29;b1c34;b1c35;b1c38;b1c39;b1c42;b1c43;b1c9,b1c18;b1c19;b1c30;b1c31;b1c44;b1c45,b1c11;b1c20;b1c21;b1c32;b1c33,0,0
5,2,b1c14;b1c15;b1c18;b1c19;b1c23;b1c24;b1c25;b1c26;b1c27;b1c30;b1c31;b1c34;b1c35;b1c38;b1c39;b1c44;b1c45;b1c9,b1c16;b1c17;b1c28;b1c29;b1c42;b1c43,b1c11;b1c20;b1c21;b1c32;b1c33,0,0
5,3,b1c16;b1c17;b1c18;b1c19;b1c23;b1c24;b1c25;b1c28;b1c29;b1c30;b1c31;b1c34;b1c35;b1c42;b1c43;b1c44;b1c45;b1c9,b1c14;b1c15;b1c26;b1c27;b1c38;b1c39,b1c11;b1c20;b1c21;b1c32;b1c33,0,0
5,4,b1c14;b1c15;b1c16;b1c17;b1c18;b1c19;b1c26;b1c27;b1c28;b1c29;b1c30;b1c31;b1c38;b1c39;b1c42;b1c43;b1c44;b1c45,b1c23;b1c24;b1c25;b1c34;b1c35;b1c9,b1c11;b1c20;b1c21;b1c32;b1c33,0,0
