cell_id,policy_group,outer_fold,actual,predicted,chosen_candidate
b1c18,5.4|0.7|3,1,691.0,714.3461691651066,"G0_delta__ElasticNet__alpha=0.01,l1=0.5__raw"
b1c19,5.4|0.7|3,1,788.0,700.0888626492025,"G0_delta__ElasticNet__alpha=0.01,l1=0.5__raw"
b1c30,6|0.5|3.6,1,709.0,759.054197260883,"G0_delta__ElasticNet__alpha=0.01,l1=0.5__raw"
b1c31,6|0.5|3.6,1,876.0,774.6627278943487,"G0_delta__ElasticNet__alpha=0.01,l1=0.5__raw"
b1c44,8|0.35|3.6,1,616.0,605.9621542025252,"G0_delta__ElasticNet__alpha=0.01,l1=0.5__raw"
b1c45,8|0.35|3.6,1,599.0,608.1320175265939,"G0_delta__ElasticNet__alpha=0.01,l1=0.5__raw"
b1c16,5.4|0.6|3.6,2,862.0,930.4848796045169,"G0_delta__ElasticNet__alpha=0.01,l1=0.5__raw"
b1c17,5.4|0.6|3.6,2,857.0,869.8262572167488,"G0_delta__ElasticNet__alpha=0.01,l1=0.5__raw"
b1c28,6|0.5|3,2,860.0,810.9540517712976,"G0_delta__ElasticNet__alpha=0.01,l1=0.5__raw"
b1c29,6|0.5|3,2,917.0,807.9364238087302,"G0_delta__ElasticNet__alpha=0.01,l1=0.5__raw"
b1c42,8|0.25|3.6,2,702.0,727.0174533786366,"G0_delta__ElasticNet__alpha=0.01,l1=0.5__raw"
b1c43,8|0.25|3.6,2,651.0,727.9200459403575,"G0_delta__ElasticNet__alpha=0.01,l1=0.5__raw"
b1c14,5.4|0.6|3,3,880.0,1514.5789101282458,G3_thermal__Ridge__alpha=0.1__log
b1c15,5.4|0.6|3,3,719.0,1514.9728900302214,G3_thermal__Ridge__alpha=0.1__log
b1c26,6|0.4|3.6,3,870.0,783.8307483404853,G3_thermal__Ridge__alpha=0.1__log
b1c27,6|0.4|3.6,3,842.0,758.7273859325732,G3_thermal__Ridge__alpha=0.1__log
b1c38,7|0.4|3.6,3,617.0,670.4207555247301,G3_thermal__Ridge__alpha=0.1__log
b1c39,7|0.4|3.6,3,625.0,682.3657328186987,G3_thermal__Ridge__alpha=0.1__log
b1c23,6|0.3|3.6,4,1014.0,816.616376984127,"G0_delta__RandomForest__depth=3,leaf=2__raw"
b1c24,6|0.4|3,4,1017.0,840.927146825397,"G0_delta__RandomForest__depth=3,leaf=2__raw"
b1c25,6|0.4|3,4,854.0,811.315376984127,"G0_delta__RandomForest__depth=3,leaf=2__raw"
b1c34,7|0.3|3.6,4,742.0,858.9083293650796,"G0_delta__RandomForest__depth=3,leaf=2__raw"
b1c35,7|0.3|3.6,4,703.0,858.4630674603177,"G0_delta__RandomForest__depth=3,leaf=2__raw"
b1c9,5.4|0.4|3.6,4,1054.0,816.616376984127,"G0_delta__RandomForest__depth=3,leaf=2__raw"
b1c11,5.4|0.5|3,5,788.0,975.4095946724533,"G0_delta__ElasticNet__alpha=0.01,l1=0.5__log"
b1c20,5.4|0.8|5.4,5,534.0,601.1156674445435,"G0_delta__ElasticNet__alpha=0.01,l1=0.5__log"
b1c21,5.4|0.8|5.4,5,559.0,594.8415105863866,"G0_delta__ElasticNet__alpha=0.01,l1=0.5__log"
b1c32,6|0.6|3,5,731.0,714.9063836171555,"G0_delta__ElasticNet__alpha=0.01,l1=0.5__log"
b1c33,6|0.6|3,5,757.0,724.106111466616,"G0_delta__ElasticNet__alpha=0.01,l1=0.5__log"
