id,feature_set,features,model,settings,target_scale,cv_mape_pct,cv_mape_sd_pct,cv_oof_mape_pct,cv_mae_cycles,cv_rmse_cycles,feature_count,model_order
G0_delta__Ridge__alpha=0.1__raw,G0_delta,log_var_delta_q,Ridge,alpha=0.1,raw,7.93127143102289,1.8757225949649843,7.933375829504466,64.68443673338687,84.21034038125848,1,0
"G0_delta__ElasticNet__alpha=0.01,l1=0.5__raw",G0_delta,log_var_delta_q,ElasticNet,"alpha=0.01,l1=0.5",raw,7.931922918743991,1.8763563140142867,7.9338155366615775,64.68417607737072,84.2017770242902,1,1
"G0_delta__ElasticNet__alpha=0.1,l1=0.5__raw",G0_delta,log_var_delta_q,ElasticNet,"alpha=0.1,l1=0.5",raw,7.978909590050418,1.9190302482045394,7.970878482327873,64.75921571612022,83.92726313279397,1,1
"G4_current__ElasticNet__alpha=0.1,l1=0.5__raw",G4_current,"log_var_delta_q, charge_rms_a",ElasticNet,"alpha=0.1,l1=0.5",raw,8.2230615453242,1.8029865442115036,8.24620492804962,66.2839386630877,85.82446463920401,2,1
"G0_delta__ElasticNet__alpha=0.01,l1=0.5__log",G0_delta,log_var_delta_q,ElasticNet,"alpha=0.01,l1=0.5",log,8.242010836546893,1.9968208500440503,8.186148971588358,66.87720414334942,87.00551051727606,1,1
G0_delta__Ridge__alpha=0.1__log,G0_delta,log_var_delta_q,Ridge,alpha=0.1,log,8.248933050523869,1.929810403491854,8.197435575213813,67.08140004636874,87.38490396019411,1,0
"G4_current__ElasticNet__alpha=0.01,l1=0.5__raw",G4_current,"log_var_delta_q, charge_rms_a",ElasticNet,"alpha=0.01,l1=0.5",raw,8.352025472783714,1.6847258929173883,8.367603126164015,67.19752266369991,87.16098736823622,2,1
G4_current__Ridge__alpha=0.1__raw,G4_current,"log_var_delta_q, charge_rms_a",Ridge,alpha=0.1,raw,8.356156406211728,1.6823985774341577,8.37137619668262,67.22420282886524,87.18787787184371,2,0
G4_current__Ridge__alpha=0.1__log,G4_current,"log_var_delta_q, charge_rms_a",Ridge,alpha=0.1,log,8.38284291996648,1.3674333979405944,8.369196181068695,67.52258141560917,86.77034106688407,2,0
"G4_current__ElasticNet__alpha=0.01,l1=0.5__log",G4_current,"log_var_delta_q, charge_rms_a",ElasticNet,"alpha=0.01,l1=0.5",log,8.449331608548576,1.4182157799266744,8.432459215373328,67.9967723095597,86.84221871248808,2,1
"G0_delta__GradientBoosting__trees=60,depth=1__log",G0_delta,log_var_delta_q,GradientBoosting,"trees=60,depth=1",log,8.813735477469594,4.336621498104935,8.7142157719512,69.49316449180404,87.74221500130612,1,3
G4_current__Ridge__alpha=10__raw,G4_current,"log_var_delta_q, charge_rms_a",Ridge,alpha=10,raw,8.900921687617938,1.4515723761754002,8.935521759385137,70.48266001803078,83.98690628820059,2,0
"G0_delta__GradientBoosting__trees=60,depth=1__raw",G0_delta,log_var_delta_q,GradientBoosting,"trees=60,depth=1",raw,8.938121802264238,4.422987325003542,8.822538150750287,70.23852100886283,89.26955252273777,1,3
G4_current__Ridge__alpha=10__log,G4_current,"log_var_delta_q, charge_rms_a",Ridge,alpha=10,log,9.094361974060487,1.1542413652150423,9.081898911674537,72.03132938989147,84.41473603223838,2,0
"G1_trend__RandomForest__depth=2,leaf=2__log",G1_trend,"log_var_delta_q, qd_slope_10_100",RandomForest,"depth=2,leaf=2",log,9.16782249743839,3.9651741792924446,9.102304202471306,72.76791801732084,89.54233269509369,2,2
"G1_trend__GradientBoosting__trees=60,depth=1__log",G1_trend,"log_var_delta_q, qd_slope_10_100",GradientBoosting,"trees=60,depth=1",log,9.263762971485562,4.2426876160185305,9.166133018455415,72.54688639894789,92.03452185231384,2,3
"G1_trend__RandomForest__depth=2,leaf=2__raw",G1_trend,"log_var_delta_q, qd_slope_10_100",RandomForest,"depth=2,leaf=2",raw,9.346652374760518,4.054553219559758,9.273094313268398,73.95890204906206,90.19418452391967,2,2
"G1_trend__GradientBoosting__trees=60,depth=1__raw",G1_trend,"log_var_delta_q, qd_slope_10_100",GradientBoosting,"trees=60,depth=1",raw,9.359427036354942,4.348182216754202,9.234558139082969,72.85325796698211,93.03175814556121,2,3
G0_delta__Ridge__alpha=10__log,G0_delta,log_var_delta_q,Ridge,alpha=10,log,9.426869369905146,2.1327210513272368,9.376070851021254,74.14143286480032,89.6856022044982,1,0
"G1_trend__RandomForest__depth=3,leaf=2__log",G1_trend,"log_var_delta_q, qd_slope_10_100",RandomForest,"depth=3,leaf=2",log,9.511966145801713,4.598403018279693,9.444030570909455,75.56270048652293,92.42625708685321,2,2
G0_delta__Ridge__alpha=10__raw,G0_delta,log_var_delta_q,Ridge,alpha=10,raw,9.56370616106891,2.1155771359017823,9.523400764631731,74.3998249586419,88.6863317169126,1,0
"G1_trend__ElasticNet__alpha=0.01,l1=0.5__log",G1_trend,"log_var_delta_q, qd_slope_10_100",ElasticNet,"alpha=0.01,l1=0.5",log,9.588755124566758,3.574297282011086,9.40341187652964,74.62924772409147,94.12089411796225,2,1
"G4_current__GradientBoosting__trees=60,depth=1__log",G4_current,"log_var_delta_q, charge_rms_a",GradientBoosting,"trees=60,depth=1",log,9.64772326363728,4.064294760460576,9.550645858877314,75.27384415297666,89.67960547953405,2,3
"G1_trend__RandomForest__depth=3,leaf=2__raw",G1_trend,"log_var_delta_q, qd_slope_10_100",RandomForest,"depth=3,leaf=2",raw,9.678660033763828,4.50239939142362,9.614486869822784,76.68958976190474,93.22228912036785,2,2
"G0_delta__RandomForest__depth=2,leaf=2__log",G0_delta,log_var_delta_q,RandomForest,"depth=2,leaf=2",log,9.682450569736265,3.7097207369452487,9.625834147560598,76.45529274348587,91.75286356497354,1,2
"G2_charge__RandomForest__depth=2,leaf=2__log",G2_charge,"log_var_delta_q, qd_slope_10_100, mean_chargetime, c1",RandomForest,"depth=2,leaf=2",log,9.741187164964098,4.325183549929833,9.635648443758292,75.87676751913065,93.21687865862359,4,2
"G1_trend__ElasticNet__alpha=0.1,l1=0.5__raw",G1_trend,"log_var_delta_q, qd_slope_10_100",ElasticNet,"alpha=0.1,l1=0.5",raw,9.743026968063894,3.7321751514149613,9.550052239601715,74.74824226769647,93.43013164990764,2,1
"G0_delta__RandomForest__depth=2,leaf=2__raw",G0_delta,log_var_delta_q,RandomForest,"depth=2,leaf=2",raw,9.80966191368969,3.9414241449973186,9.743949215313283,77.56823735523729,93.12696611201002,1,2
"G4_current__RandomForest__depth=2,leaf=2__log",G4_current,"log_var_delta_q, charge_rms_a",RandomForest,"depth=2,leaf=2",log,9.828063586258434,3.654291815385933,9.768316290545778,77.47100087450113,89.09396312442577,2,2
"G4_current__GradientBoosting__trees=60,depth=1__raw",G4_current,"log_var_delta_q, charge_rms_a",GradientBoosting,"trees=60,depth=1",raw,9.85992754867001,4.116133028548029,9.753643423898895,76.26707952139675,91.80801979826026,2,3
"G3_thermal__RandomForest__depth=2,leaf=2__log",G3_thermal,"log_var_delta_q, qd_slope_10_100, mean_chargetime, c1, mean_tavg",RandomForest,"depth=2,leaf=2",log,9.88008797645196,4.414336082946347,9.771172601544967,76.94787805762361,94.01459010902244,5,2
"G0_delta__GradientBoosting__trees=120,depth=2__log",G0_delta,log_var_delta_q,GradientBoosting,"trees=120,depth=2",log,9.906967731880107,4.753214299936813,9.860803538704035,78.50873215486999,93.14985866283504,1,3
"G0_delta__GradientBoosting__trees=120,depth=2__raw",G0_delta,log_var_delta_q,GradientBoosting,"trees=120,depth=2",raw,9.91562034940582,4.791650853447939,9.864488752863467,78.57489760971285,93.36035395825965,1,3
"G4_current__RandomForest__depth=2,leaf=2__raw",G4_current,"log_var_delta_q, charge_rms_a",RandomForest,"depth=2,leaf=2",raw,9.924000333249516,3.8746314325432403,9.854622260458186,78.12993165662229,90.57457468164097,2,2
"G1_trend__ElasticNet__alpha=0.01,l1=0.5__raw",G1_trend,"log_var_delta_q, qd_slope_10_100",ElasticNet,"alpha=0.01,l1=0.5",raw,9.9497238433031,4.527218559801939,9.696806187657149,75.7368698308187,95.75230159812362,2,1
G1_trend__Ridge__alpha=0.1__raw,G1_trend,"log_var_delta_q, qd_slope_10_100",Ridge,alpha=0.1,raw,9.95628009427979,4.546349871834157,9.702036272846401,75.77239084216778,95.81579138994434,2,0
"G0_delta__RandomForest__depth=3,leaf=2__raw",G0_delta,log_var_delta_q,RandomForest,"depth=3,leaf=2",raw,9.965174993671061,4.486173915232081,9.91275699984041,79.38648955266959,95.45940683942138,1,2
G1_trend__Ridge__alpha=10__log,G1_trend,"log_var_delta_q, qd_slope_10_100",Ridge,alpha=10,log,9.966464404792788,2.207435226428529,9.94692579965864,77.88114382874592,93.06385594159256,2,0
"G0_delta__RandomForest__depth=3,leaf=2__log",G0_delta,log_var_delta_q,RandomForest,"depth=3,leaf=2",log,9.968785006158479,4.485280132530665,9.922446032311944,79.38994413944413,95.15977867983858,1,2
G1_trend__Ridge__alpha=10__raw,G1_trend,"log_var_delta_q, qd_slope_10_100",Ridge,alpha=10,raw,10.007227335760325,2.126925875142643,10.001458947186324,77.52662618088848,91.49095369073845,2,0
"G0_delta__ElasticNet__alpha=0.1,l1=0.5__log",G0_delta,log_var_delta_q,ElasticNet,"alpha=0.1,l1=0.5",log,10.012826819976473,2.422527451815713,9.950601996582721,78.14457875023484,93.29552618781092,1,1
"G2_charge__RandomForest__depth=2,leaf=2__raw",G2_charge,"log_var_delta_q, qd_slope_10_100, mean_chargetime, c1",RandomForest,"depth=2,leaf=2",raw,10.024395802477363,4.452964421946816,9.89873913144215,77.58124285103786,94.98376561222236,4,2
"G1_trend__ElasticNet__alpha=0.1,l1=0.5__log",G1_trend,"log_var_delta_q, qd_slope_10_100",ElasticNet,"alpha=0.1,l1=0.5",log,10.041220630346103,2.408481996000058,9.979974903861647,78.3210123822839,93.47380995346022,2,1
"G4_current__RandomForest__depth=3,leaf=2__log",G4_current,"log_var_delta_q, charge_rms_a",RandomForest,"depth=3,leaf=2",log,10.084333438770315,4.014440120976674,10.044595278703754,79.96733214040859,90.70534215995495,2,2
"G4_current__RandomForest__depth=3,leaf=2__raw",G4_current,"log_var_delta_q, charge_rms_a",RandomForest,"depth=3,leaf=2",raw,10.17263168230519,4.063226594333265,10.126603741664091,80.45346037000034,91.75424351898496,2,2
"G4_current__GradientBoosting__trees=120,depth=2__raw",G4_current,"log_var_delta_q, charge_rms_a",GradientBoosting,"trees=120,depth=2",raw,10.175245376443044,4.361007030283518,10.166601541107198,80.31100642344563,90.15533882741559,2,3
"G4_current__GradientBoosting__trees=120,depth=2__log",G4_current,"log_var_delta_q, charge_rms_a",GradientBoosting,"trees=120,depth=2",log,10.175499074284115,4.177354764967849,10.171974813876044,80.40168832226956,90.20221011893341,2,3
"G2_charge__RandomForest__depth=3,leaf=2__log",G2_charge,"log_var_delta_q, qd_slope_10_100, mean_chargetime, c1",RandomForest,"depth=3,leaf=2",log,10.207075178349886,4.764478898356196,10.090618262820936,79.62388049357871,96.32610150595734,4,2
G1_trend__Ridge__alpha=0.1__log,G1_trend,"log_var_delta_q, qd_slope_10_100",Ridge,alpha=0.1,log,10.219504462540101,4.716152688856875,9.953864719626647,78.21314279375684,98.58249311435802,2,0
"G3_thermal__RandomForest__depth=2,leaf=2__raw",G3_thermal,"log_var_delta_q, qd_slope_10_100, mean_chargetime, c1, mean_tavg",RandomForest,"depth=2,leaf=2",raw,10.277760801967194,4.534436087284487,10.145557133597896,79.35801375753879,95.67698243302901,5,2
"G3_thermal__GradientBoosting__trees=60,depth=1__log",G3_thermal,"log_var_delta_q, qd_slope_10_100, mean_chargetime, c1, mean_tavg",GradientBoosting,"trees=60,depth=1",log,10.303522542434365,5.280618111759077,10.11006509009351,78.78270939250902,100.85264031297919,5,3
"G2_charge__GradientBoosting__trees=60,depth=1__log",G2_charge,"log_var_delta_q, qd_slope_10_100, mean_chargetime, c1",GradientBoosting,"trees=60,depth=1",log,10.3049453222495,5.279303785001649,10.111536931281579,78.77814096814791,100.85037191686193,4,3
"G3_thermal__RandomForest__depth=3,leaf=2__log",G3_thermal,"log_var_delta_q, qd_slope_10_100, mean_chargetime, c1, mean_tavg",RandomForest,"depth=3,leaf=2",log,10.316024644781859,4.755967418263899,10.203704898458366,80.21667722250305,95.96032911983357,5,2
"G2_charge__ElasticNet__alpha=0.1,l1=0.5__log",G2_charge,"log_var_delta_q, qd_slope_10_100, mean_chargetime, c1",ElasticNet,"alpha=0.1,l1=0.5",log,10.321870380590576,2.7277793679327456,10.221914343727573,79.83798164097269,95.48961276561798,4,1
"G3_thermal__ElasticNet__alpha=0.1,l1=0.5__log",G3_thermal,"log_var_delta_q, qd_slope_10_100, mean_chargetime, c1, mean_tavg",ElasticNet,"alpha=0.1,l1=0.5",log,10.321870380590576,2.7277793679327456,10.221914343727573,79.83798164097269,95.48961276561798,5,1
"G2_charge__RandomForest__depth=3,leaf=2__raw",G2_charge,"log_var_delta_q, qd_slope_10_100, mean_chargetime, c1",RandomForest,"depth=3,leaf=2",raw,10.409018474661085,4.773376795100119,10.278466005624042,80.77285265752768,97.84394308658585,4,2
"G1_trend__GradientBoosting__trees=120,depth=2__log",G1_trend,"log_var_delta_q, qd_slope_10_100",GradientBoosting,"trees=120,depth=2",log,10.481668000647208,4.071917741789481,10.398998393129977,83.23109141681262,103.05566095168402,2,3
"G4_current__ElasticNet__alpha=0.1,l1=0.5__log",G4_current,"log_var_delta_q, charge_rms_a",ElasticNet,"alpha=0.1,l1=0.5",log,10.501292847207441,1.6052340443177915,10.49017173277008,82.25343854854559,95.90711179225471,2,1
"G3_thermal__RandomForest__depth=3,leaf=2__raw",G3_thermal,"log_var_delta_q, qd_slope_10_100, mean_chargetime, c1, mean_tavg",RandomForest,"depth=3,leaf=2",raw,10.513371054741093,4.765012795571042,10.382159689170647,81.2294277152477,97.15625190936346,5,2
"G3_thermal__GradientBoosting__trees=60,depth=1__raw",G3_thermal,"log_var_delta_q, qd_slope_10_100, mean_chargetime, c1, mean_tavg",GradientBoosting,"trees=60,depth=1",raw,10.626562119311188,5.739730455824566,10.382775964422517,80.54327634226755,103.48397927823251,5,3
"G2_charge__GradientBoosting__trees=60,depth=1__raw",G2_charge,"log_var_delta_q, qd_slope_10_100, mean_chargetime, c1",GradientBoosting,"trees=60,depth=1",raw,10.677486348105793,5.703746423105724,10.435456201106591,80.8644680667598,103.69892482478645,4,3
"G1_trend__GradientBoosting__trees=120,depth=2__raw",G1_trend,"log_var_delta_q, qd_slope_10_100",GradientBoosting,"trees=120,depth=2",raw,10.703008199428742,3.967832990187847,10.625780025794494,84.54841969294505,102.65487117972127,2,3
G2_charge__Ridge__alpha=10__raw,G2_charge,"log_var_delta_q, qd_slope_10_100, mean_chargetime, c1",Ridge,alpha=10,raw,11.472197988660746,5.13731631494019,11.32028158455132,88.18264693545719,108.8359712996566,4,0
G3_thermal__Ridge__alpha=10__raw,G3_thermal,"log_var_delta_q, qd_slope_10_100, mean_chargetime, c1, mean_tavg",Ridge,alpha=10,raw,11.509154565357727,5.025280153446483,11.387036031424055,89.01254047893887,109.10745571143225,5,0
G2_charge__Ridge__alpha=10__log,G2_charge,"log_var_delta_q, qd_slope_10_100, mean_chargetime, c1",Ridge,alpha=10,log,11.687564550797521,5.559062306021636,11.564314723341932,90.59250780895819,114.6910481787024,4,0
"G2_charge__GradientBoosting__trees=120,depth=2__log",G2_charge,"log_var_delta_q, qd_slope_10_100, mean_chargetime, c1",GradientBoosting,"trees=120,depth=2",log,11.747303813818679,6.288885037955852,11.533664851870753,90.62183637329707,113.00061247703852,4,3
G3_thermal__Ridge__alpha=10__log,G3_thermal,"log_var_delta_q, qd_slope_10_100, mean_chargetime, c1, mean_tavg",Ridge,alpha=10,log,11.917462091821635,5.507629437410292,11.817776774471564,92.8770227933324,116.1475462674845,5,0
"G2_charge__GradientBoosting__trees=120,depth=2__raw",G2_charge,"log_var_delta_q, qd_slope_10_100, mean_chargetime, c1",GradientBoosting,"trees=120,depth=2",raw,12.303843960354374,5.800905469947864,12.106191651693099,94.28455347522943,115.45594709075917,4,3
"G2_charge__ElasticNet__alpha=0.1,l1=0.5__raw",G2_charge,"log_var_delta_q, qd_slope_10_100, mean_chargetime, c1",ElasticNet,"alpha=0.1,l1=0.5",raw,12.389227965511681,5.970364255720615,12.229957942665514,95.35567206988738,122.16682084743229,4,1
"G2_charge__ElasticNet__alpha=0.01,l1=0.5__log",G2_charge,"log_var_delta_q, qd_slope_10_100, mean_chargetime, c1",ElasticNet,"alpha=0.01,l1=0.5",log,12.588497982605057,6.493062930022185,12.505198257789838,98.10402401886793,127.92205310632403,4,1
"G3_thermal__GradientBoosting__trees=120,depth=2__log",G3_thermal,"log_var_delta_q, qd_slope_10_100, mean_chargetime, c1, mean_tavg",GradientBoosting,"trees=120,depth=2",log,12.862559220595221,5.650174923212829,12.683948897006067,99.9769044538802,120.10668237090776,5,3
"G2_charge__ElasticNet__alpha=0.01,l1=0.5__raw",G2_charge,"log_var_delta_q, qd_slope_10_100, mean_chargetime, c1",ElasticNet,"alpha=0.01,l1=0.5",raw,13.012351016724963,6.455763599393701,12.86779323961941,99.87980807584188,129.30484435857937,4,1
G2_charge__Ridge__alpha=0.1__raw,G2_charge,"log_var_delta_q, qd_slope_10_100, mean_chargetime, c1",Ridge,alpha=0.1,raw,13.027784797220283,6.469331605380281,12.88354931928804,99.99043393872795,129.47419887018486,4,0
"G3_thermal__ElasticNet__alpha=0.1,l1=0.5__raw",G3_thermal,"log_var_delta_q, qd_slope_10_100, mean_chargetime, c1, mean_tavg",ElasticNet,"alpha=0.1,l1=0.5",raw,13.369144934616486,6.490424816808704,13.25656380222785,103.632311263192,133.0275412121678,5,1
"G3_thermal__GradientBoosting__trees=120,depth=2__raw",G3_thermal,"log_var_delta_q, qd_slope_10_100, mean_chargetime, c1, mean_tavg",GradientBoosting,"trees=120,depth=2",raw,13.494886574712828,5.053462312058538,13.33227832249381,104.04040261446553,123.32415439817592,5,3
G2_charge__Ridge__alpha=0.1__log,G2_charge,"log_var_delta_q, qd_slope_10_100, mean_chargetime, c1",Ridge,alpha=0.1,log,14.062698232091288,8.179702817189765,13.95265493953484,108.8401516849298,145.16723446870418,4,0
"G3_thermal__ElasticNet__alpha=0.01,l1=0.5__log",G3_thermal,"log_var_delta_q, qd_slope_10_100, mean_chargetime, c1, mean_tavg",ElasticNet,"alpha=0.01,l1=0.5",log,14.125347456330895,8.84458098657322,14.095041347966648,110.61539249202258,146.77973474983702,5,1
"G3_thermal__ElasticNet__alpha=0.01,l1=0.5__raw",G3_thermal,"log_var_delta_q, qd_slope_10_100, mean_chargetime, c1, mean_tavg",ElasticNet,"alpha=0.01,l1=0.5",raw,14.850394517956863,8.156934477776792,14.770521141167334,114.61389907850862,149.09571580440644,5,1
G3_thermal__Ridge__alpha=0.1__raw,G3_thermal,"log_var_delta_q, qd_slope_10_100, mean_chargetime, c1, mean_tavg",Ridge,alpha=0.1,raw,14.890395717457187,8.213421695933182,14.81140867071839,114.91161566209203,149.5310203249798,5,0
G3_thermal__Ridge__alpha=0.1__log,G3_thermal,"log_var_delta_q, qd_slope_10_100, mean_chargetime, c1, mean_tavg",Ridge,alpha=0.1,log,16.793543384823735,11.65256780701853,16.776251756153766,130.69069771269938,177.02111467604055,5,0
