cell_id,cycle_life,qd_last_valid,predicted,ape_pct
b1c0,1190.0,1.0262098,1432.7564573714071,20.399702300118246
b1c1,1179.0,1.0382246,1432.2819114747913,21.482774510160414
b1c2,1177.0,1.0432786,1286.4793699939733,9.301560747151509
b1c3,1226.0,0.97092122,1131.5028314348638,7.707762525704424
b1c4,1227.0,1.0219597,1239.4914677141605,1.0180495284564413
b1c8,879.0,0.96902454,899.1226874205835,2.2892704687808276
b1c10,906.0,0.96101874,910.3771882036791,0.4831333558144714
b1c12,902.0,0.91311944,964.3990664823626,6.917856594496966
b1c13,897.0,0.92313582,923.7662807656359,2.9839777888111354
b1c22,891.0,0.96327895,873.3135119637287,1.985015492286338
