outer_fold,candidate,feature_set,model,inner_mape_pct,inner_sd_pct,feature_count,model_order
1,"G0_delta__ElasticNet__alpha=0.01,l1=0.5__raw",G0_delta,ElasticNet,8.219112813484609,1.8735471095062093,1,1
1,G0_delta__Ridge__alpha=0.1__raw,G0_delta,Ridge,8.219414901185147,1.87404974620518,1,0
1,"G0_delta__ElasticNet__alpha=0.1,l1=0.5__raw",G0_delta,ElasticNet,8.312679568689235,1.9646726331377098,1,1
1,G0_delta__Ridge__alpha=0.1__log,G0_delta,Ridge,8.678131106863166,1.6883584477918452,1,0
1,"G0_delta__ElasticNet__alpha=0.01,l1=0.5__log",G0_delta,ElasticNet,8.692234188251463,1.7752306664639357,1,1
1,G4_current__Ridge__alpha=10__raw,G4_current,Ridge,8.725305510832303,1.9123552011293818,2,0
1,G4_current__Ridge__alpha=10__log,G4_current,Ridge,9.139811189638106,1.3366770327968354,2,0
1,"G4_current__ElasticNet__alpha=0.01,l1=0.5__log",G4_current,ElasticNet,9.495249675791252,2.911002067760646,2,1
1,G4_current__Ridge__alpha=0.1__log,G4_current,Ridge,9.70370546658243,2.988172542630901,2,0
1,G0_delta__Ridge__alpha=10__log,G0_delta,Ridge,10.262552831086573,2.5555418090079067,1,0
1,"G4_current__ElasticNet__alpha=0.1,l1=0.5__raw",G4_current,ElasticNet,10.310778992022971,3.675581420711998,2,1
1,G0_delta__Ridge__alpha=10__raw,G0_delta,Ridge,10.373842774191804,2.5629969357679525,1,0
1,"G0_delta__ElasticNet__alpha=0.1,l1=0.5__log",G0_delta,ElasticNet,10.464840609619307,2.888060544511108,1,1
1,"G4_current__ElasticNet__alpha=0.1,l1=0.5__log",G4_current,ElasticNet,10.593120145787239,1.8818715066895353,2,1
1,"G1_trend__ElasticNet__alpha=0.1,l1=0.5__log",G1_trend,ElasticNet,10.67290990412938,2.851874182346685,2,1
1,G4_current__Ridge__alpha=0.1__raw,G4_current,Ridge,10.916630275031272,4.22399316433548,2,0
1,"G4_current__ElasticNet__alpha=0.01,l1=0.5__raw",G4_current,ElasticNet,10.928817418843426,4.233945278138704,2,1
1,"G0_delta__GradientBoosting__trees=60,depth=1__log",G0_delta,GradientBoosting,11.61201821333128,4.835524097036133,1,3
1,"G2_charge__ElasticNet__alpha=0.1,l1=0.5__log",G2_charge,ElasticNet,11.61578605447041,3.8237638296482124,4,1
1,"G3_thermal__ElasticNet__alpha=0.1,l1=0.5__log",G3_thermal,ElasticNet,11.61578605447041,3.8237638296482124,5,1
1,G1_trend__Ridge__alpha=10__log,G1_trend,Ridge,11.741672692804123,3.0673330268579067,2,0
1,"G0_delta__GradientBoosting__trees=60,depth=1__raw",G0_delta,GradientBoosting,11.843273190320446,4.791621889009926,1,3
1,"G0_delta__RandomForest__depth=2,leaf=2__log",G0_delta,RandomForest,11.97893643239681,4.6741393951712915,1,2
1,"G0_delta__RandomForest__depth=2,leaf=2__raw",G0_delta,RandomForest,12.064073994857505,4.951868249984264,1,2
1,"G1_trend__RandomForest__depth=2,leaf=2__log",G1_trend,RandomForest,12.101126406848532,4.567994769496285,2,2
1,G1_trend__Ridge__alpha=10__raw,G1_trend,Ridge,12.106931010087774,3.486858781692949,2,0
1,"G1_trend__RandomForest__depth=2,leaf=2__raw",G1_trend,RandomForest,12.215971313156896,4.9447403522907605,2,2
1,"G4_current__RandomForest__depth=2,leaf=2__log",G4_current,RandomForest,12.296310287374318,4.340144911204841,2,2
1,"G0_delta__RandomForest__depth=3,leaf=2__raw",G0_delta,RandomForest,12.30777847611443,5.214978946890957,1,2
1,"G4_current__GradientBoosting__trees=60,depth=1__log",G4_current,GradientBoosting,12.418215381251041,3.609189792829917,2,3
1,"G0_delta__RandomForest__depth=3,leaf=2__log",G0_delta,RandomForest,12.428600953450916,4.990397791649384,1,2
1,"G1_trend__RandomForest__depth=3,leaf=2__log",G1_trend,RandomForest,12.46512973181843,4.995854613249967,2,2
1,"G1_trend__GradientBoosting__trees=60,depth=1__log",G1_trend,GradientBoosting,12.47964047892964,4.381929967323525,2,3
1,"G4_current__RandomForest__depth=2,leaf=2__raw",G4_current,RandomForest,12.532635519327266,4.271424691574654,2,2
1,"G1_trend__RandomForest__depth=3,leaf=2__raw",G1_trend,RandomForest,12.577114718348628,5.183520182996609,2,2
1,"G4_current__GradientBoosting__trees=60,depth=1__raw",G4_current,GradientBoosting,12.58270791752837,3.2983813050820547,2,3
1,"G4_current__RandomForest__depth=3,leaf=2__log",G4_current,RandomForest,12.659937313467701,4.161058909829507,2,2
1,"G0_delta__GradientBoosting__trees=120,depth=2__log",G0_delta,GradientBoosting,12.744524322860528,5.152970732007468,1,3
1,"G0_delta__GradientBoosting__trees=120,depth=2__raw",G0_delta,GradientBoosting,12.768744462162662,5.227879130926236,1,3
1,"G1_trend__GradientBoosting__trees=60,depth=1__raw",G1_trend,GradientBoosting,12.772509702193723,4.397688899439293,2,3
1,"G4_current__RandomForest__depth=3,leaf=2__raw",G4_current,RandomForest,12.809279917227848,4.08251892952158,2,2
1,"G1_trend__ElasticNet__alpha=0.01,l1=0.5__log",G1_trend,ElasticNet,12.958588064497857,8.024094026040215,2,1
1,"G4_current__GradientBoosting__trees=120,depth=2__log",G4_current,GradientBoosting,13.242245311862664,3.017153921577175,2,3
1,"G4_current__GradientBoosting__trees=120,depth=2__raw",G4_current,GradientBoosting,13.247444565650298,3.446612155028055,2,3
1,"G1_trend__ElasticNet__alpha=0.1,l1=0.5__raw",G1_trend,ElasticNet,13.500988247100988,9.087847373526783,2,1
1,"G1_trend__GradientBoosting__trees=120,depth=2__log",G1_trend,GradientBoosting,13.65567533058482,4.822075218740725,2,3
1,"G1_trend__GradientBoosting__trees=120,depth=2__raw",G1_trend,GradientBoosting,13.901655778735693,4.8314629553995125,2,3
1,G1_trend__Ridge__alpha=0.1__raw,G1_trend,Ridge,14.025309244841013,10.868921414809243,2,0
1,"G1_trend__ElasticNet__alpha=0.01,l1=0.5__raw",G1_trend,ElasticNet,14.03317616254471,10.889396981944728,2,1
1,G1_trend__Ridge__alpha=0.1__log,G1_trend,Ridge,14.223420942067893,10.463638497216424,2,0
1,"G2_charge__GradientBoosting__trees=60,depth=1__log",G2_charge,GradientBoosting,14.336836698253649,6.367548763955711,4,3
1,"G3_thermal__GradientBoosting__trees=60,depth=1__log",G3_thermal,GradientBoosting,14.60304502507594,6.2757903766565475,5,3
1,"G3_thermal__RandomForest__depth=2,leaf=2__log",G3_thermal,RandomForest,15.435735502547958,8.921958043442382,5,2
1,"G2_charge__RandomForest__depth=2,leaf=2__log",G2_charge,RandomForest,15.440200442284612,8.879565223839396,4,2
1,"G2_charge__GradientBoosting__trees=60,depth=1__raw",G2_charge,GradientBoosting,15.522004066915686,7.425915761217128,4,3
1,"G3_thermal__RandomForest__depth=3,leaf=2__log",G3_thermal,RandomForest,15.571324628441875,8.98461421161559,5,2
1,"G3_thermal__GradientBoosting__trees=60,depth=1__raw",G3_thermal,GradientBoosting,15.655851097640127,7.472853229031553,5,3
1,"G2_charge__RandomForest__depth=2,leaf=2__raw",G2_charge,RandomForest,15.687060592592724,9.369392764992678,4,2
1,"G2_charge__RandomForest__depth=3,leaf=2__log",G2_charge,RandomForest,15.743937141345699,9.03301552850482,4,2
1,"G2_charge__GradientBoosting__trees=120,depth=2__log",G2_charge,GradientBoosting,16.01325580832529,7.933188441098152,4,3
1,"G3_thermal__RandomForest__depth=2,leaf=2__raw",G3_thermal,RandomForest,16.05251284867032,9.295112912022782,5,2
1,"G3_thermal__RandomForest__depth=3,leaf=2__raw",G3_thermal,RandomForest,16.103683269535594,9.125021264928462,5,2
1,"G2_charge__RandomForest__depth=3,leaf=2__raw",G2_charge,RandomForest,16.18762047596924,9.560748231314044,4,2
1,G2_charge__Ridge__alpha=10__raw,G2_charge,Ridge,16.23537829045808,10.078203502626055,4,0
1,G2_charge__Ridge__alpha=10__log,G2_charge,Ridge,16.351653666665886,9.210308858205257,4,0
1,G3_thermal__Ridge__alpha=10__raw,G3_thermal,Ridge,16.67478179180197,10.81644850579135,5,0
1,G3_thermal__Ridge__alpha=10__log,G3_thermal,Ridge,16.717229500248564,9.972826119959826,5,0
1,"G2_charge__GradientBoosting__trees=120,depth=2__raw",G2_charge,GradientBoosting,17.033037230888624,8.353284118521875,4,3
1,"G3_thermal__GradientBoosting__trees=120,depth=2__log",G3_thermal,GradientBoosting,17.65483937990612,8.833734745615587,5,3
1,"G3_thermal__GradientBoosting__trees=120,depth=2__raw",G3_thermal,GradientBoosting,18.671801385802553,8.991217861959031,5,3
1,"G2_charge__ElasticNet__alpha=0.1,l1=0.5__raw",G2_charge,ElasticNet,21.553589564672542,16.841175780480615,4,1
1,"G3_thermal__ElasticNet__alpha=0.01,l1=0.5__log",G3_thermal,ElasticNet,21.958563979585872,16.00290602806323,5,1
1,"G3_thermal__ElasticNet__alpha=0.1,l1=0.5__raw",G3_thermal,ElasticNet,22.041025826650397,18.27159934911875,5,1
1,"G2_charge__ElasticNet__alpha=0.01,l1=0.5__log",G2_charge,ElasticNet,22.101331001814124,15.553089214313252,4,1
1,G2_charge__Ridge__alpha=0.1__raw,G2_charge,Ridge,23.10114010748086,18.080224274472908,4,0
1,"G2_charge__ElasticNet__alpha=0.01,l1=0.5__raw",G2_charge,ElasticNet,23.1319317165872,18.093201266466718,4,1
1,G3_thermal__Ridge__alpha=0.1__raw,G3_thermal,Ridge,24.11173860148005,19.684811127708276,5,0
1,"G3_thermal__ElasticNet__alpha=0.01,l1=0.5__raw",G3_thermal,ElasticNet,24.162509907051394,19.706316286465828,5,1
1,G2_charge__Ridge__alpha=0.1__log,G2_charge,Ridge,25.49741984389897,19.140442380478547,4,0
1,G3_thermal__Ridge__alpha=0.1__log,G3_thermal,Ridge,26.5523041413578,20.980496873136897,5,0
2,"G0_delta__ElasticNet__alpha=0.01,l1=0.5__raw",G0_delta,ElasticNet,8.25952412297997,2.2236017624855795,1,1
2,G0_delta__Ridge__alpha=0.1__raw,G0_delta,Ridge,8.260659651121374,2.2259789812940802,1,0
2,"G0_delta__ElasticNet__alpha=0.1,l1=0.5__raw",G0_delta,ElasticNet,8.373234626907497,2.3435004143053844,1,1
2,"G4_current__ElasticNet__alpha=0.1,l1=0.5__raw",G4_current,ElasticNet,8.541323699845123,2.3630248669540186,2,1
2,G0_delta__Ridge__alpha=0.1__log,G0_delta,Ridge,8.638893889778549,2.0992928559794173,1,0
2,"G0_delta__ElasticNet__alpha=0.01,l1=0.5__log",G0_delta,ElasticNet,8.694987782476034,2.2313055411066345,1,1
2,G4_current__Ridge__alpha=0.1__raw,G4_current,Ridge,8.872767639961044,2.553947069986223,2,0
2,"G4_current__ElasticNet__alpha=0.01,l1=0.5__raw",G4_current,ElasticNet,8.884829344947422,2.559435103080718,2,1
2,G4_current__Ridge__alpha=0.1__log,G4_current,Ridge,9.134067576502718,2.2479511136994796,2,0
2,"G4_current__ElasticNet__alpha=0.01,l1=0.5__log",G4_current,ElasticNet,9.244485054384295,2.274195057453505,2,1
2,G4_current__Ridge__alpha=10__raw,G4_current,Ridge,9.50590654318291,1.8028684242454103,2,0
2,G4_current__Ridge__alpha=10__log,G4_current,Ridge,9.545422838245697,1.3830233268070884,2,0
2,"G1_trend__GradientBoosting__trees=60,depth=1__log",G1_trend,GradientBoosting,10.077947302961377,4.30691170683455,2,3
2,"G1_trend__RandomForest__depth=2,leaf=2__log",G1_trend,RandomForest,10.149447908986241,4.017163466493715,2,2
2,"G1_trend__RandomForest__depth=2,leaf=2__raw",G1_trend,RandomForest,10.193360190272244,4.1347517494990855,2,2
2,"G1_trend__GradientBoosting__trees=120,depth=2__log",G1_trend,GradientBoosting,10.221218666813336,4.48139044498516,2,3
2,"G0_delta__GradientBoosting__trees=60,depth=1__log",G0_delta,GradientBoosting,10.24904171648953,4.101989954258678,1,3
2,"G1_trend__GradientBoosting__trees=60,depth=1__raw",G1_trend,GradientBoosting,10.27426786820592,4.2698141832181395,2,3
2,"G1_trend__GradientBoosting__trees=120,depth=2__raw",G1_trend,GradientBoosting,10.296529353472785,4.5236734495972595,2,3
2,"G0_delta__GradientBoosting__trees=60,depth=1__raw",G0_delta,GradientBoosting,10.361042447804369,4.184173039097828,1,3
2,"G1_trend__RandomForest__depth=3,leaf=2__raw",G1_trend,RandomForest,10.42991085604098,4.623436716625821,2,2
2,G0_delta__Ridge__alpha=10__log,G0_delta,Ridge,10.539565035689769,2.3056003289372073,1,0
2,"G0_delta__ElasticNet__alpha=0.1,l1=0.5__log",G0_delta,ElasticNet,10.542518410734312,2.6544290986062444,1,1
2,"G1_trend__RandomForest__depth=3,leaf=2__log",G1_trend,RandomForest,10.57220049513819,4.49251715448716,2,2
2,"G2_charge__RandomForest__depth=2,leaf=2__log",G2_charge,RandomForest,10.612556413817138,4.421054979000798,4,2
2,"G0_delta__RandomForest__depth=2,leaf=2__log",G0_delta,RandomForest,10.62195660600229,3.886961356312128,1,2
2,"G1_trend__ElasticNet__alpha=0.01,l1=0.5__log",G1_trend,ElasticNet,10.63706718548407,3.9851450757197,2,1
2,"G0_delta__RandomForest__depth=2,leaf=2__raw",G0_delta,RandomForest,10.644337337998206,4.015223155217791,1,2
2,"G1_trend__ElasticNet__alpha=0.1,l1=0.5__log",G1_trend,ElasticNet,10.653973620828992,2.556237305793244,2,1
2,"G2_charge__RandomForest__depth=2,leaf=2__raw",G2_charge,RandomForest,10.659773803785294,4.7580644407579245,4,2
2,"G1_trend__ElasticNet__alpha=0.1,l1=0.5__raw",G1_trend,ElasticNet,10.66054997255784,3.9475133611600053,2,1
2,"G3_thermal__RandomForest__depth=2,leaf=2__log",G3_thermal,RandomForest,10.684868192238232,4.584173807151873,5,2
2,G0_delta__Ridge__alpha=10__raw,G0_delta,Ridge,10.787366833228301,2.193425336740182,1,0
2,"G2_charge__ElasticNet__alpha=0.1,l1=0.5__log",G2_charge,ElasticNet,10.807301075556527,2.637123973662012,4,1
2,"G3_thermal__ElasticNet__alpha=0.1,l1=0.5__log",G3_thermal,ElasticNet,10.807301075556527,2.637123973662012,5,1
2,"G2_charge__RandomForest__depth=3,leaf=2__raw",G2_charge,RandomForest,10.820160104373613,4.813294641164452,4,2
2,"G3_thermal__RandomForest__depth=2,leaf=2__raw",G3_thermal,RandomForest,10.831927888840674,4.708482461129154,5,2
2,G1_trend__Ridge__alpha=0.1__raw,G1_trend,Ridge,10.878835154883031,4.6861730922527896,2,0
2,"G1_trend__ElasticNet__alpha=0.01,l1=0.5__raw",G1_trend,ElasticNet,10.878965921746543,4.6963587452487054,2,1
2,"G2_charge__RandomForest__depth=3,leaf=2__log",G2_charge,RandomForest,10.930117192855848,4.7686252538104705,4,2
2,"G3_thermal__RandomForest__depth=3,leaf=2__log",G3_thermal,RandomForest,10.938135966229108,4.718416375968598,5,2
2,"G0_delta__RandomForest__depth=3,leaf=2__raw",G0_delta,RandomForest,10.968669970732726,4.775262587186024,1,2
2,G1_trend__Ridge__alpha=10__log,G1_trend,Ridge,10.97011206887716,2.195865848231681,2,0
2,"G4_current__ElasticNet__alpha=0.1,l1=0.5__log",G4_current,ElasticNet,11.015293135815828,2.0657475469794995,2,1
2,"G0_delta__RandomForest__depth=3,leaf=2__log",G0_delta,RandomForest,11.065391723506455,4.723386168365775,1,2
2,G1_trend__Ridge__alpha=10__raw,G1_trend,Ridge,11.084150602914598,2.0472180369609374,2,0
2,"G3_thermal__RandomForest__depth=3,leaf=2__raw",G3_thermal,RandomForest,11.099317130145355,4.806696923514023,5,2
2,"G4_current__RandomForest__depth=2,leaf=2__log",G4_current,RandomForest,11.140524822151551,3.187065815324082,2,2
2,G1_trend__Ridge__alpha=0.1__log,G1_trend,Ridge,11.24585350779437,5.045358676360211,2,0
2,"G2_charge__ElasticNet__alpha=0.01,l1=0.5__log",G2_charge,ElasticNet,11.2460791600823,3.891772200257667,4,1
2,"G4_current__RandomForest__depth=2,leaf=2__raw",G4_current,RandomForest,11.265656896555939,3.2665554680808864,2,2
2,"G3_thermal__GradientBoosting__trees=60,depth=1__log",G3_thermal,GradientBoosting,11.277144508576662,5.484609256095577,5,3
2,"G0_delta__GradientBoosting__trees=120,depth=2__raw",G0_delta,GradientBoosting,11.31649458731128,5.239933908789821,1,3
2,"G2_charge__GradientBoosting__trees=60,depth=1__log",G2_charge,GradientBoosting,11.337296418805362,5.419670580306027,4,3
2,"G2_charge__GradientBoosting__trees=120,depth=2__log",G2_charge,GradientBoosting,11.359494112051301,5.7884886696297855,4,3
2,"G2_charge__ElasticNet__alpha=0.01,l1=0.5__raw",G2_charge,ElasticNet,11.366990807667742,4.3960462821862905,4,1
2,G2_charge__Ridge__alpha=0.1__raw,G2_charge,Ridge,11.370910516330646,4.393727890015341,4,0
2,"G0_delta__GradientBoosting__trees=120,depth=2__log",G0_delta,GradientBoosting,11.372145499414813,5.189792656962943,1,3
2,"G2_charge__GradientBoosting__trees=120,depth=2__raw",G2_charge,GradientBoosting,11.436751885004059,5.763076514303589,4,3
2,"G4_current__RandomForest__depth=3,leaf=2__log",G4_current,RandomForest,11.550654151825208,3.7001745008917792,2,2
2,"G4_current__RandomForest__depth=3,leaf=2__raw",G4_current,RandomForest,11.5750165313967,3.77355925556146,2,2
2,"G2_charge__ElasticNet__alpha=0.1,l1=0.5__raw",G2_charge,ElasticNet,11.662890658520666,4.210900757398269,4,1
2,G2_charge__Ridge__alpha=0.1__log,G2_charge,Ridge,11.821965110773828,5.088623706619144,4,0
2,"G4_current__GradientBoosting__trees=60,depth=1__log",G4_current,GradientBoosting,11.967855502808014,3.3378714829104332,2,3
2,"G3_thermal__GradientBoosting__trees=60,depth=1__raw",G3_thermal,GradientBoosting,12.049949992565917,5.834144300329248,5,3
2,"G2_charge__GradientBoosting__trees=60,depth=1__raw",G2_charge,GradientBoosting,12.075028639616033,5.805936344351913,4,3
2,"G4_current__GradientBoosting__trees=60,depth=1__raw",G4_current,GradientBoosting,12.076891827643438,3.5792606874968205,2,3
2,"G3_thermal__GradientBoosting__trees=120,depth=2__log",G3_thermal,GradientBoosting,12.188037867808607,4.875670253894754,5,3
2,"G3_thermal__GradientBoosting__trees=120,depth=2__raw",G3_thermal,GradientBoosting,12.191094580377724,4.834641423473789,5,3
2,"G3_thermal__ElasticNet__alpha=0.1,l1=0.5__raw",G3_thermal,ElasticNet,12.448980409205266,5.8844996353933805,5,1
2,G3_thermal__Ridge__alpha=10__raw,G3_thermal,Ridge,12.5821989432985,3.992342865329215,5,0
2,G2_charge__Ridge__alpha=10__raw,G2_charge,Ridge,12.832071111363234,4.1023032713454874,4,0
2,"G4_current__GradientBoosting__trees=120,depth=2__log",G4_current,GradientBoosting,13.040568001645303,4.059217313345989,2,3
2,G3_thermal__Ridge__alpha=10__log,G3_thermal,Ridge,13.057259087498913,4.490096235739857,5,0
2,"G4_current__GradientBoosting__trees=120,depth=2__raw",G4_current,GradientBoosting,13.118312707492407,3.947319937460087,2,3
2,G2_charge__Ridge__alpha=10__log,G2_charge,Ridge,13.134694807615084,4.519406664013609,4,0
2,"G3_thermal__ElasticNet__alpha=0.01,l1=0.5__log",G3_thermal,ElasticNet,13.857941135134434,7.17450410418745,5,1
2,G3_thermal__Ridge__alpha=0.1__raw,G3_thermal,Ridge,13.861918016968712,8.768302129879315,5,0
2,"G3_thermal__ElasticNet__alpha=0.01,l1=0.5__raw",G3_thermal,ElasticNet,13.928819783553571,8.880814124280908,5,1
2,G3_thermal__Ridge__alpha=0.1__log,G3_thermal,Ridge,15.654307521848729,11.206462319523043,5,0
3,G3_thermal__Ridge__alpha=0.1__log,G3_thermal,Ridge,6.921387670520115,3.092396833440785,5,0
3,"G3_thermal__ElasticNet__alpha=0.1,l1=0.5__raw",G3_thermal,ElasticNet,7.2424331805634985,3.2549706195328865,5,1
3,G3_thermal__Ridge__alpha=0.1__raw,G3_thermal,Ridge,7.431707710057932,4.211484395691706,5,0
3,"G3_thermal__ElasticNet__alpha=0.01,l1=0.5__raw",G3_thermal,ElasticNet,7.446605921838888,4.212111770382724,5,1
3,"G3_thermal__ElasticNet__alpha=0.01,l1=0.5__log",G3_thermal,ElasticNet,7.785501021118441,3.380301155684073,5,1
3,"G2_charge__ElasticNet__alpha=0.01,l1=0.5__raw",G2_charge,ElasticNet,7.940170890132906,3.111878878614568,4,1
3,G2_charge__Ridge__alpha=0.1__raw,G2_charge,Ridge,7.941646522266229,3.111087994165722,4,0
3,"G2_charge__ElasticNet__alpha=0.1,l1=0.5__raw",G2_charge,ElasticNet,7.956057183691083,3.06724060770474,4,1
3,G3_thermal__Ridge__alpha=10__raw,G3_thermal,Ridge,8.06146884920006,3.101270607691236,5,0
3,"G0_delta__ElasticNet__alpha=0.1,l1=0.5__raw",G0_delta,ElasticNet,8.077309247111943,2.121756215126971,1,1
3,G0_delta__Ridge__alpha=0.1__raw,G0_delta,Ridge,8.096947742449913,2.0695928729999125,1,0
3,"G0_delta__ElasticNet__alpha=0.01,l1=0.5__raw",G0_delta,ElasticNet,8.100498970929191,2.065674413868436,1,1
3,G2_charge__Ridge__alpha=0.1__log,G2_charge,Ridge,8.121500323579946,3.6628105707319634,4,0
3,G2_charge__Ridge__alpha=10__raw,G2_charge,Ridge,8.311748665968368,2.7952682475969444,4,0
3,G0_delta__Ridge__alpha=0.1__log,G0_delta,Ridge,8.4183957609544,2.1101042624395805,1,0
3,G3_thermal__Ridge__alpha=10__log,G3_thermal,Ridge,8.420051699802816,3.0813046473169576,5,0
3,"G0_delta__ElasticNet__alpha=0.01,l1=0.5__log",G0_delta,ElasticNet,8.444651398089182,2.168629656482184,1,1
3,G2_charge__Ridge__alpha=10__log,G2_charge,Ridge,8.55671591012527,2.9214787287598023,4,0
3,"G4_current__ElasticNet__alpha=0.1,l1=0.5__raw",G4_current,ElasticNet,8.634603106275279,1.627068314495822,2,1
3,G4_current__Ridge__alpha=0.1__log,G4_current,Ridge,8.658569592386085,1.4524676872254403,2,0
3,"G4_current__ElasticNet__alpha=0.01,l1=0.5__raw",G4_current,ElasticNet,8.671706390713268,1.6430852913896434,2,1
3,G4_current__Ridge__alpha=0.1__raw,G4_current,Ridge,8.671982349844122,1.6417201693159336,2,0
3,"G4_current__ElasticNet__alpha=0.01,l1=0.5__log",G4_current,ElasticNet,8.723223220898753,1.5213580256983188,2,1
3,"G1_trend__ElasticNet__alpha=0.1,l1=0.5__raw",G1_trend,ElasticNet,8.747530370393875,2.3546042350246528,2,1
3,"G2_charge__ElasticNet__alpha=0.01,l1=0.5__log",G2_charge,ElasticNet,8.756879396799274,3.7712369824201093,4,1
3,"G1_trend__ElasticNet__alpha=0.01,l1=0.5__log",G1_trend,ElasticNet,8.77059723107555,2.319480531432143,2,1
3,G1_trend__Ridge__alpha=0.1__raw,G1_trend,Ridge,9.069318575078459,2.520578307613676,2,0
3,"G1_trend__ElasticNet__alpha=0.01,l1=0.5__raw",G1_trend,ElasticNet,9.073204485196232,2.5241122860935628,2,1
3,G1_trend__Ridge__alpha=10__raw,G1_trend,Ridge,9.294492424435045,3.1298502178874106,2,0
3,G1_trend__Ridge__alpha=10__log,G1_trend,Ridge,9.42946678223286,2.6507957978335943,2,0
3,G1_trend__Ridge__alpha=0.1__log,G1_trend,Ridge,9.43470587758351,3.010613628616268,2,0
3,G4_current__Ridge__alpha=10__raw,G4_current,Ridge,9.628001260984249,1.4319859418864511,2,0
3,G4_current__Ridge__alpha=10__log,G4_current,Ridge,9.759196010344134,0.891702994041651,2,0
3,G0_delta__Ridge__alpha=10__log,G0_delta,Ridge,10.044508738126815,2.5438747718668875,1,0
3,"G0_delta__ElasticNet__alpha=0.1,l1=0.5__log",G0_delta,ElasticNet,10.105253055385594,2.7849026754047683,1,1
3,G0_delta__Ridge__alpha=10__raw,G0_delta,Ridge,10.245769865623483,2.457279068682258,1,0
3,"G4_current__GradientBoosting__trees=120,depth=2__raw",G4_current,GradientBoosting,10.288663179137448,4.969628889020789,2,3
3,"G4_current__GradientBoosting__trees=120,depth=2__log",G4_current,GradientBoosting,10.329622986350183,4.901866384914093,2,3
3,"G1_trend__ElasticNet__alpha=0.1,l1=0.5__log",G1_trend,ElasticNet,10.343665538457332,2.8721242449538193,2,1
3,"G4_current__ElasticNet__alpha=0.1,l1=0.5__log",G4_current,ElasticNet,10.61246421954012,2.304703594277477,2,1
3,"G4_current__RandomForest__depth=3,leaf=2__log",G4_current,RandomForest,10.63491140344976,4.23310051551543,2,2
3,"G4_current__RandomForest__depth=2,leaf=2__log",G4_current,RandomForest,10.672403543618072,4.245980315690246,2,2
3,"G2_charge__ElasticNet__alpha=0.1,l1=0.5__log",G2_charge,ElasticNet,10.983929326727242,3.5306821182786363,4,1
3,"G3_thermal__ElasticNet__alpha=0.1,l1=0.5__log",G3_thermal,ElasticNet,10.983929326727242,3.5306821182786363,5,1
3,"G4_current__RandomForest__depth=3,leaf=2__raw",G4_current,RandomForest,11.010998978499687,4.098031225405124,2,2
3,"G0_delta__RandomForest__depth=2,leaf=2__raw",G0_delta,RandomForest,11.048249398480301,4.6600295953632465,1,2
3,"G0_delta__RandomForest__depth=2,leaf=2__log",G0_delta,RandomForest,11.061456447085435,4.361560972865155,1,2
3,"G4_current__RandomForest__depth=2,leaf=2__raw",G4_current,RandomForest,11.074117690033695,4.043595020798729,2,2
3,"G0_delta__RandomForest__depth=3,leaf=2__raw",G0_delta,RandomForest,11.131901217475608,4.747368219917502,1,2
3,"G4_current__GradientBoosting__trees=60,depth=1__log",G4_current,GradientBoosting,11.151878856475752,4.257281162446522,2,3
3,"G0_delta__RandomForest__depth=3,leaf=2__log",G0_delta,RandomForest,11.178645764679278,4.469865439169236,1,2
3,"G1_trend__RandomForest__depth=3,leaf=2__raw",G1_trend,RandomForest,11.58433869198125,3.879073796992929,2,2
3,"G1_trend__RandomForest__depth=2,leaf=2__log",G1_trend,RandomForest,11.591553600650709,3.5971066305615502,2,2
3,"G1_trend__RandomForest__depth=2,leaf=2__raw",G1_trend,RandomForest,11.611080447618654,4.063888524772765,2,2
3,"G1_trend__RandomForest__depth=3,leaf=2__log",G1_trend,RandomForest,11.633780349503894,3.6809926105491626,2,2
3,"G4_current__GradientBoosting__trees=60,depth=1__raw",G4_current,GradientBoosting,11.67362250121819,4.2876214304977855,2,3
3,"G2_charge__RandomForest__depth=2,leaf=2__log",G2_charge,RandomForest,12.038290017661184,4.693020558677378,4,2
3,"G3_thermal__RandomForest__depth=2,leaf=2__log",G3_thermal,RandomForest,12.086320093967812,4.646307924756604,5,2
3,"G2_charge__RandomForest__depth=2,leaf=2__raw",G2_charge,RandomForest,12.215676124460588,4.827207423437423,4,2
3,"G0_delta__GradientBoosting__trees=60,depth=1__log",G0_delta,GradientBoosting,12.2802421221681,4.3543112451116075,1,3
3,"G2_charge__RandomForest__depth=3,leaf=2__log",G2_charge,RandomForest,12.294910721072956,4.596389485298536,4,2
3,"G3_thermal__RandomForest__depth=3,leaf=2__log",G3_thermal,RandomForest,12.381519453625874,4.571479820610325,5,2
3,"G3_thermal__RandomForest__depth=2,leaf=2__raw",G3_thermal,RandomForest,12.415523539871831,4.552283469931557,5,2
3,"G2_charge__RandomForest__depth=3,leaf=2__raw",G2_charge,RandomForest,12.453102221262608,4.653747842245201,4,2
3,"G0_delta__GradientBoosting__trees=60,depth=1__raw",G0_delta,GradientBoosting,12.489797409847352,4.409504118701576,1,3
3,"G3_thermal__RandomForest__depth=3,leaf=2__raw",G3_thermal,RandomForest,12.583971944946525,4.522068828760549,5,2
3,"G0_delta__GradientBoosting__trees=120,depth=2__log",G0_delta,GradientBoosting,12.90833090720724,4.232775764353992,1,3
3,"G0_delta__GradientBoosting__trees=120,depth=2__raw",G0_delta,GradientBoosting,13.0310284009236,4.4395919869937135,1,3
3,"G1_trend__GradientBoosting__trees=60,depth=1__raw",G1_trend,GradientBoosting,13.337691419544964,3.6956620023980338,2,3
3,"G1_trend__GradientBoosting__trees=60,depth=1__log",G1_trend,GradientBoosting,13.371002506022023,3.726386457716496,2,3
3,"G1_trend__GradientBoosting__trees=120,depth=2__log",G1_trend,GradientBoosting,13.415027646090346,3.6130378770858775,2,3
3,"G3_thermal__GradientBoosting__trees=60,depth=1__raw",G3_thermal,GradientBoosting,13.756928505790349,4.757289575976823,5,3
3,"G2_charge__GradientBoosting__trees=60,depth=1__raw",G2_charge,GradientBoosting,13.767250583863715,4.740699755648716,4,3
3,"G2_charge__GradientBoosting__trees=60,depth=1__log",G2_charge,GradientBoosting,13.779768369854631,4.596012666718455,4,3
3,"G1_trend__GradientBoosting__trees=120,depth=2__raw",G1_trend,GradientBoosting,13.821756604968174,3.4667193811194297,2,3
3,"G3_thermal__GradientBoosting__trees=60,depth=1__log",G3_thermal,GradientBoosting,13.906878137604226,4.372471228065279,5,3
3,"G2_charge__GradientBoosting__trees=120,depth=2__log",G2_charge,GradientBoosting,15.04133038105375,6.048738682159099,4,3
3,"G2_charge__GradientBoosting__trees=120,depth=2__raw",G2_charge,GradientBoosting,15.266466505345933,5.438816422410983,4,3
3,"G3_thermal__GradientBoosting__trees=120,depth=2__log",G3_thermal,GradientBoosting,16.816607514504582,3.6215344821682236,5,3
3,"G3_thermal__GradientBoosting__trees=120,depth=2__raw",G3_thermal,GradientBoosting,17.26984752684836,3.0160101713265703,5,3
4,"G0_delta__RandomForest__depth=3,leaf=2__raw",G0_delta,RandomForest,6.796053137822373,1.458109203925438,1,2
4,"G1_trend__RandomForest__depth=2,leaf=2__log",G1_trend,RandomForest,6.802959420319349,1.7644117593265494,2,2
4,"G0_delta__RandomForest__depth=2,leaf=2__raw",G0_delta,RandomForest,6.8094637917653245,1.5057790199187928,1,2
4,"G0_delta__RandomForest__depth=2,leaf=2__log",G0_delta,RandomForest,6.8398299563739755,1.4401217192890017,1,2
4,"G0_delta__RandomForest__depth=3,leaf=2__log",G0_delta,RandomForest,6.876122261180748,1.3456171034769726,1,2
4,"G1_trend__RandomForest__depth=3,leaf=2__log",G1_trend,RandomForest,6.893568236029601,1.7469728290686934,2,2
4,"G1_trend__RandomForest__depth=2,leaf=2__raw",G1_trend,RandomForest,6.965073821417687,1.7267990231773054,2,2
4,"G1_trend__RandomForest__depth=3,leaf=2__raw",G1_trend,RandomForest,7.061714175778764,1.628186763199519,2,2
4,"G0_delta__GradientBoosting__trees=60,depth=1__raw",G0_delta,GradientBoosting,7.065299733491578,1.8686789971363198,1,3
4,"G0_delta__GradientBoosting__trees=120,depth=2__raw",G0_delta,GradientBoosting,7.071974719845481,1.4343356761799972,1,3
4,"G0_delta__GradientBoosting__trees=120,depth=2__log",G0_delta,GradientBoosting,7.074991707411195,1.4710371424018718,1,3
4,"G0_delta__GradientBoosting__trees=60,depth=1__log",G0_delta,GradientBoosting,7.174066628489884,1.7241661334745162,1,3
4,"G0_delta__ElasticNet__alpha=0.01,l1=0.5__raw",G0_delta,ElasticNet,7.250188303136836,1.0487816968894692,1,1
4,G0_delta__Ridge__alpha=0.1__raw,G0_delta,Ridge,7.2540452317614905,1.047846511883631,1,0
4,"G4_current__RandomForest__depth=2,leaf=2__log",G4_current,RandomForest,7.429855552951192,2.1454628732658616,2,2
4,"G4_current__RandomForest__depth=3,leaf=2__log",G4_current,RandomForest,7.449006437633322,1.9707020474263441,2,2
4,"G4_current__RandomForest__depth=2,leaf=2__raw",G4_current,RandomForest,7.474351940382222,2.151783742900994,2,2
4,"G0_delta__ElasticNet__alpha=0.1,l1=0.5__raw",G0_delta,ElasticNet,7.476483096562385,1.0484430261849924,1,1
4,G0_delta__Ridge__alpha=0.1__log,G0_delta,Ridge,7.477968080427157,1.6941919678726685,1,0
4,"G4_current__RandomForest__depth=3,leaf=2__raw",G4_current,RandomForest,7.533853346962241,1.9196413894929152,2,2
4,"G0_delta__ElasticNet__alpha=0.01,l1=0.5__log",G0_delta,ElasticNet,7.574106994167056,1.6634458224873256,1,1
4,"G4_current__ElasticNet__alpha=0.01,l1=0.5__raw",G4_current,ElasticNet,7.690852394638055,0.35215582262900286,2,1
4,G4_current__Ridge__alpha=0.1__raw,G4_current,Ridge,7.695398765547229,0.3541666137694964,2,0
4,"G1_trend__GradientBoosting__trees=120,depth=2__raw",G1_trend,GradientBoosting,7.737107960115129,2.0689565097025104,2,3
4,"G4_current__GradientBoosting__trees=60,depth=1__raw",G4_current,GradientBoosting,7.73787794239671,2.0834079285685867,2,3
4,"G1_trend__GradientBoosting__trees=60,depth=1__raw",G1_trend,GradientBoosting,7.761418092931245,2.392385766531389,2,3
4,"G4_current__GradientBoosting__trees=60,depth=1__log",G4_current,GradientBoosting,7.766993002484078,1.9718880888220722,2,3
4,"G4_current__GradientBoosting__trees=120,depth=2__log",G4_current,GradientBoosting,7.798683484203434,0.48110020034543943,2,3
4,"G2_charge__RandomForest__depth=2,leaf=2__log",G2_charge,RandomForest,7.814398980543817,2.765169914837913,4,2
4,"G2_charge__GradientBoosting__trees=120,depth=2__raw",G2_charge,GradientBoosting,7.8193453735003215,1.750631779243774,4,3
4,"G2_charge__RandomForest__depth=3,leaf=2__log",G2_charge,RandomForest,7.860957944724644,2.7638031904703606,4,2
4,"G4_current__ElasticNet__alpha=0.1,l1=0.5__raw",G4_current,ElasticNet,7.919803038691525,0.43077653969022656,2,1
4,"G3_thermal__GradientBoosting__trees=120,depth=2__raw",G3_thermal,GradientBoosting,7.933080104507734,2.6293525448018245,5,3
4,"G4_current__GradientBoosting__trees=120,depth=2__raw",G4_current,GradientBoosting,7.974175379650593,0.513283660226247,2,3
4,"G1_trend__GradientBoosting__trees=60,depth=1__log",G1_trend,GradientBoosting,7.99390201618241,2.34809102249565,2,3
4,"G3_thermal__RandomForest__depth=3,leaf=2__log",G3_thermal,RandomForest,7.994692339124984,3.170252606760866,5,2
4,"G3_thermal__RandomForest__depth=2,leaf=2__log",G3_thermal,RandomForest,8.00043328618634,3.220600914730691,5,2
4,G4_current__Ridge__alpha=0.1__log,G4_current,Ridge,8.02687405689026,0.9493412778942116,2,0
4,"G1_trend__GradientBoosting__trees=120,depth=2__log",G1_trend,GradientBoosting,8.054221648735421,2.5216039724790056,2,3
4,"G2_charge__RandomForest__depth=2,leaf=2__raw",G2_charge,RandomForest,8.059299433689988,2.931795686504108,4,2
4,"G2_charge__RandomForest__depth=3,leaf=2__raw",G2_charge,RandomForest,8.075609632315071,2.7852766081251787,4,2
4,"G4_current__ElasticNet__alpha=0.01,l1=0.5__log",G4_current,ElasticNet,8.16066299377319,0.9204880227105995,2,1
4,"G2_charge__GradientBoosting__trees=60,depth=1__raw",G2_charge,GradientBoosting,8.167146855903606,3.1133547270470023,4,3
4,"G3_thermal__RandomForest__depth=3,leaf=2__raw",G3_thermal,RandomForest,8.225251155133257,3.049035137463427,5,2
4,"G3_thermal__RandomForest__depth=2,leaf=2__raw",G3_thermal,RandomForest,8.249688535019514,3.259398303682444,5,2
4,"G3_thermal__GradientBoosting__trees=60,depth=1__raw",G3_thermal,GradientBoosting,8.26422837776093,3.2730385419748425,5,3
4,"G2_charge__GradientBoosting__trees=60,depth=1__log",G2_charge,GradientBoosting,8.355755241589343,2.8540005341178944,4,3
4,"G3_thermal__GradientBoosting__trees=120,depth=2__log",G3_thermal,GradientBoosting,8.388043532164797,2.706616409765141,5,3
4,"G2_charge__GradientBoosting__trees=120,depth=2__log",G2_charge,GradientBoosting,8.413243474209779,2.2551606381956573,4,3
4,"G3_thermal__GradientBoosting__trees=60,depth=1__log",G3_thermal,GradientBoosting,8.440451032355895,2.973765525163918,5,3
4,G0_delta__Ridge__alpha=10__log,G0_delta,Ridge,9.44319502014574,1.0628385515424545,1,0
4,G4_current__Ridge__alpha=10__log,G4_current,Ridge,9.460949137829914,0.7558732963953307,2,0
4,G4_current__Ridge__alpha=10__raw,G4_current,Ridge,9.463132021224466,0.5981714491172186,2,0
4,"G1_trend__ElasticNet__alpha=0.01,l1=0.5__log",G1_trend,ElasticNet,9.466685173849148,3.577266437535236,2,1
4,"G1_trend__ElasticNet__alpha=0.1,l1=0.5__raw",G1_trend,ElasticNet,9.611078632977495,3.7330673669235703,2,1
4,G1_trend__Ridge__alpha=10__log,G1_trend,Ridge,9.645738867006267,1.269946955106049,2,0
4,G0_delta__Ridge__alpha=10__raw,G0_delta,Ridge,9.651266330429326,0.8323524254070187,1,0
4,"G0_delta__ElasticNet__alpha=0.1,l1=0.5__log",G0_delta,ElasticNet,9.77741999775353,1.1067919906372348,1,1
4,G1_trend__Ridge__alpha=0.1__raw,G1_trend,Ridge,9.796332365875308,4.599445024596271,2,0
4,"G1_trend__ElasticNet__alpha=0.01,l1=0.5__raw",G1_trend,ElasticNet,9.79698897334697,4.61086947054935,2,1
4,G1_trend__Ridge__alpha=10__raw,G1_trend,Ridge,9.80463364295969,1.0594599529537834,2,0
4,"G1_trend__ElasticNet__alpha=0.1,l1=0.5__log",G1_trend,ElasticNet,10.032115564517557,1.1502097730483063,2,1
4,G1_trend__Ridge__alpha=0.1__log,G1_trend,Ridge,10.160681363333465,4.872766024505542,2,0
4,"G4_current__ElasticNet__alpha=0.1,l1=0.5__log",G4_current,ElasticNet,10.18881344965328,0.7370883417119009,2,1
4,G3_thermal__Ridge__alpha=10__raw,G3_thermal,Ridge,10.37321927191519,3.459195600460631,5,0
4,"G2_charge__ElasticNet__alpha=0.01,l1=0.5__log",G2_charge,ElasticNet,10.39157897592682,4.271786932613129,4,1
4,"G2_charge__ElasticNet__alpha=0.1,l1=0.5__log",G2_charge,ElasticNet,10.450349327798367,1.8274748064433033,4,1
4,"G3_thermal__ElasticNet__alpha=0.1,l1=0.5__log",G3_thermal,ElasticNet,10.450349327798367,1.8274748064433033,5,1
4,G2_charge__Ridge__alpha=10__raw,G2_charge,Ridge,10.461769710129946,3.4529529762259714,4,0
4,"G2_charge__ElasticNet__alpha=0.1,l1=0.5__raw",G2_charge,ElasticNet,10.468682890608722,5.1472577792883305,4,1
4,G3_thermal__Ridge__alpha=10__log,G3_thermal,Ridge,10.622195670094216,3.9110602082566377,5,0
4,G2_charge__Ridge__alpha=10__log,G2_charge,Ridge,10.66561861092149,3.8018901287792968,4,0
4,G2_charge__Ridge__alpha=0.1__raw,G2_charge,Ridge,11.005569906786624,5.412972232837786,4,0
4,"G2_charge__ElasticNet__alpha=0.01,l1=0.5__raw",G2_charge,ElasticNet,11.020210792396282,5.418560731292884,4,1
4,"G3_thermal__ElasticNet__alpha=0.1,l1=0.5__raw",G3_thermal,ElasticNet,11.789315575672118,5.139420807185031,5,1
4,G2_charge__Ridge__alpha=0.1__log,G2_charge,Ridge,12.141076029054933,6.2735143906518,4,0
4,"G3_thermal__ElasticNet__alpha=0.01,l1=0.5__log",G3_thermal,ElasticNet,12.238919494649242,5.704380062258418,5,1
4,G3_thermal__Ridge__alpha=0.1__raw,G3_thermal,Ridge,13.36953802304369,6.32161280253427,5,0
4,"G3_thermal__ElasticNet__alpha=0.01,l1=0.5__raw",G3_thermal,ElasticNet,13.414397417518058,6.360647206327012,5,1
4,G3_thermal__Ridge__alpha=0.1__log,G3_thermal,Ridge,15.450864352533262,8.35840617902749,5,0
5,"G0_delta__ElasticNet__alpha=0.01,l1=0.5__log",G0_delta,ElasticNet,8.195044720623578,2.0176481253895293,1,1
5,G0_delta__Ridge__alpha=0.1__log,G0_delta,Ridge,8.232834440224037,1.9863310024523795,1,0
5,"G0_delta__ElasticNet__alpha=0.1,l1=0.5__raw",G0_delta,ElasticNet,8.25955158569969,2.1450236800409384,1,1
5,G0_delta__Ridge__alpha=0.1__raw,G0_delta,Ridge,8.32254282408021,2.0925997179878078,1,0
5,"G0_delta__ElasticNet__alpha=0.01,l1=0.5__raw",G0_delta,ElasticNet,8.324698855655985,2.090077084926705,1,1
5,G1_trend__Ridge__alpha=0.1__log,G1_trend,Ridge,8.512030749545408,1.7014906795041187,2,0
5,"G1_trend__ElasticNet__alpha=0.01,l1=0.5__log",G1_trend,ElasticNet,8.64907069473994,1.5862454872488803,2,1
5,"G1_trend__ElasticNet__alpha=0.1,l1=0.5__raw",G1_trend,ElasticNet,8.716155407892353,1.7896106819980122,2,1
5,"G4_current__ElasticNet__alpha=0.01,l1=0.5__log",G4_current,ElasticNet,8.733918721889934,1.6709718233914308,2,1
5,G4_current__Ridge__alpha=10__raw,G4_current,Ridge,8.757344769860085,1.7771921074036838,2,0
5,G1_trend__Ridge__alpha=0.1__raw,G1_trend,Ridge,8.797712668187993,1.951046170988013,2,0
5,"G1_trend__ElasticNet__alpha=0.01,l1=0.5__raw",G1_trend,ElasticNet,8.798792501376006,1.953664389375838,2,1
5,G4_current__Ridge__alpha=0.1__log,G4_current,Ridge,8.873760510052936,1.832252098991045,2,0
5,G4_current__Ridge__alpha=10__log,G4_current,Ridge,8.89752921763968,1.4137431108404346,2,0
5,"G4_current__GradientBoosting__trees=120,depth=2__log",G4_current,GradientBoosting,9.225939965948797,4.47841550984756,2,3
5,"G4_current__ElasticNet__alpha=0.1,l1=0.5__raw",G4_current,ElasticNet,9.243743125284889,2.548928022174182,2,1
5,"G3_thermal__GradientBoosting__trees=60,depth=1__log",G3_thermal,GradientBoosting,9.322515549875304,3.725600287989586,5,3
5,"G2_charge__GradientBoosting__trees=60,depth=1__log",G2_charge,GradientBoosting,9.325349020810615,3.7487704676895435,4,3
5,"G4_current__GradientBoosting__trees=120,depth=2__raw",G4_current,GradientBoosting,9.379576454419851,4.475460416886968,2,3
5,G4_current__Ridge__alpha=0.1__raw,G4_current,Ridge,9.453067325720195,2.7101306753068912,2,0
5,"G4_current__ElasticNet__alpha=0.01,l1=0.5__raw",G4_current,ElasticNet,9.455715785256109,2.712096142126237,2,1
5,"G4_current__RandomForest__depth=2,leaf=2__log",G4_current,RandomForest,9.495112691148737,4.257466207585159,2,2
5,"G4_current__RandomForest__depth=3,leaf=2__log",G4_current,RandomForest,9.53414729531898,4.286080543594439,2,2
5,G0_delta__Ridge__alpha=10__log,G0_delta,Ridge,9.566683557710784,2.0437110682310458,1,0
5,G0_delta__Ridge__alpha=10__raw,G0_delta,Ridge,9.674581817617645,2.1088755697567123,1,0
5,"G2_charge__GradientBoosting__trees=60,depth=1__raw",G2_charge,GradientBoosting,9.702307799718827,4.0635159801177725,4,3
5,"G3_thermal__GradientBoosting__trees=60,depth=1__raw",G3_thermal,GradientBoosting,9.754118506971771,3.996867096872728,5,3
5,"G4_current__GradientBoosting__trees=60,depth=1__log",G4_current,GradientBoosting,9.764413883914733,4.247977820436144,2,3
5,"G4_current__RandomForest__depth=3,leaf=2__raw",G4_current,RandomForest,9.775380009185746,4.425576696671139,2,2
5,"G4_current__RandomForest__depth=2,leaf=2__raw",G4_current,RandomForest,9.783302434992674,4.391970737029686,2,2
5,"G2_charge__RandomForest__depth=3,leaf=2__log",G2_charge,RandomForest,9.81507896004103,3.948725641036773,4,2
5,"G3_thermal__RandomForest__depth=2,leaf=2__log",G3_thermal,RandomForest,9.833781131986106,3.7011069842655018,5,2
5,"G3_thermal__RandomForest__depth=3,leaf=2__log",G3_thermal,RandomForest,9.833860678285692,3.8386272084066766,5,2
5,"G2_charge__RandomForest__depth=2,leaf=2__log",G2_charge,RandomForest,9.854286326088998,3.883818893959768,4,2
5,"G2_charge__GradientBoosting__trees=120,depth=2__log",G2_charge,GradientBoosting,9.868374716111333,4.303739360331163,4,3
5,"G2_charge__ElasticNet__alpha=0.1,l1=0.5__log",G2_charge,ElasticNet,9.909079835163809,2.4195122617467626,4,1
5,"G3_thermal__ElasticNet__alpha=0.1,l1=0.5__log",G3_thermal,ElasticNet,9.909079835163809,2.4195122617467626,5,1
5,"G0_delta__ElasticNet__alpha=0.1,l1=0.5__log",G0_delta,ElasticNet,9.990854686041583,2.3427981966016698,1,1
5,"G1_trend__ElasticNet__alpha=0.1,l1=0.5__log",G1_trend,ElasticNet,9.990854686041583,2.3427981966016698,2,1
5,"G4_current__GradientBoosting__trees=60,depth=1__raw",G4_current,GradientBoosting,10.058972043141393,4.440898242444995,2,3
5,"G0_delta__RandomForest__depth=3,leaf=2__log",G0_delta,RandomForest,10.07611458839052,4.28819417345898,1,2
5,"G0_delta__GradientBoosting__trees=60,depth=1__log",G0_delta,GradientBoosting,10.087917869882494,3.5207346305403737,1,3
5,"G0_delta__RandomForest__depth=2,leaf=2__log",G0_delta,RandomForest,10.088527634291264,4.172001777912819,1,2
5,"G1_trend__RandomForest__depth=3,leaf=2__log",G1_trend,RandomForest,10.092319976030378,4.060621534494247,2,2
5,"G1_trend__RandomForest__depth=2,leaf=2__log",G1_trend,RandomForest,10.101967396341092,3.9709324577380793,2,2
5,"G0_delta__RandomForest__depth=3,leaf=2__raw",G0_delta,RandomForest,10.21592197322366,4.16069325418993,1,2
5,G1_trend__Ridge__alpha=10__log,G1_trend,Ridge,10.217613483941301,2.100161527823968,2,0
5,"G0_delta__GradientBoosting__trees=60,depth=1__raw",G0_delta,GradientBoosting,10.250254164631807,3.4853334204351736,1,3
5,"G0_delta__RandomForest__depth=2,leaf=2__raw",G0_delta,RandomForest,10.259491265474724,4.0487246959447125,1,2
5,"G2_charge__RandomForest__depth=2,leaf=2__raw",G2_charge,RandomForest,10.27543995976229,3.8381282786565722,4,2
5,"G2_charge__RandomForest__depth=3,leaf=2__raw",G2_charge,RandomForest,10.331629738916027,3.730526178925581,4,2
5,"G4_current__ElasticNet__alpha=0.1,l1=0.5__log",G4_current,ElasticNet,10.337386470691047,2.0751894157951933,2,1
5,G1_trend__Ridge__alpha=10__raw,G1_trend,Ridge,10.356403136013201,2.1440137789293923,2,0
5,"G3_thermal__RandomForest__depth=3,leaf=2__raw",G3_thermal,RandomForest,10.371657219449181,3.7967348716752394,5,2
5,"G1_trend__RandomForest__depth=2,leaf=2__raw",G1_trend,RandomForest,10.386323577032107,3.866431746397094,2,2
5,"G3_thermal__RandomForest__depth=2,leaf=2__raw",G3_thermal,RandomForest,10.392641983182187,3.7710846457763694,5,2
5,"G0_delta__GradientBoosting__trees=120,depth=2__log",G0_delta,GradientBoosting,10.40133466240766,4.633844581918707,1,3
5,"G1_trend__RandomForest__depth=3,leaf=2__raw",G1_trend,RandomForest,10.410216109895144,3.9307561335768377,2,2
5,"G0_delta__GradientBoosting__trees=120,depth=2__raw",G0_delta,GradientBoosting,10.446211058441255,4.467901964144417,1,3
5,"G2_charge__GradientBoosting__trees=120,depth=2__raw",G2_charge,GradientBoosting,10.60462405583809,4.568848267405329,4,3
5,"G1_trend__GradientBoosting__trees=60,depth=1__log",G1_trend,GradientBoosting,10.629361069520899,3.492027701596765,2,3
5,"G1_trend__GradientBoosting__trees=60,depth=1__raw",G1_trend,GradientBoosting,10.702081056329504,3.445252092810519,2,3
5,"G3_thermal__GradientBoosting__trees=120,depth=2__log",G3_thermal,GradientBoosting,10.80881785308126,3.940761637533799,5,3
5,"G1_trend__GradientBoosting__trees=120,depth=2__raw",G1_trend,GradientBoosting,11.40996419883269,4.062303292606869,2,3
5,"G1_trend__GradientBoosting__trees=120,depth=2__log",G1_trend,GradientBoosting,11.445289233017924,3.8236937759140615,2,3
5,G2_charge__Ridge__alpha=10__raw,G2_charge,Ridge,11.538020511328131,4.952928397853362,4,0
5,"G3_thermal__GradientBoosting__trees=120,depth=2__raw",G3_thermal,GradientBoosting,11.740676529758808,4.43693002468792,5,3
5,G2_charge__Ridge__alpha=10__log,G2_charge,Ridge,11.835458420091195,5.5839533695829955,4,0
5,G3_thermal__Ridge__alpha=10__raw,G3_thermal,Ridge,12.245549904927188,4.957753503040794,5,0
5,G3_thermal__Ridge__alpha=10__log,G3_thermal,Ridge,12.505545385538891,5.804817767436512,5,0
5,"G2_charge__ElasticNet__alpha=0.1,l1=0.5__raw",G2_charge,ElasticNet,13.352188032960049,5.7365417329222606,4,1
5,"G2_charge__ElasticNet__alpha=0.01,l1=0.5__log",G2_charge,ElasticNet,13.604074408386378,7.42649315765136,4,1
5,G2_charge__Ridge__alpha=0.1__raw,G2_charge,Ridge,14.265073584517824,6.34801696978785,4,0
5,"G2_charge__ElasticNet__alpha=0.01,l1=0.5__raw",G2_charge,ElasticNet,14.277350999378742,6.358005931131919,4,1
5,"G3_thermal__ElasticNet__alpha=0.1,l1=0.5__raw",G3_thermal,ElasticNet,15.234570458974613,7.9414255628079164,5,1
5,G2_charge__Ridge__alpha=0.1__log,G2_charge,Ridge,15.508226676948723,8.79064637718648,4,0
5,"G3_thermal__ElasticNet__alpha=0.01,l1=0.5__log",G3_thermal,ElasticNet,16.10217729040425,12.233297378990091,5,1
5,G3_thermal__Ridge__alpha=0.1__raw,G3_thermal,Ridge,16.931125057961125,10.389101784700156,5,0
5,"G3_thermal__ElasticNet__alpha=0.01,l1=0.5__raw",G3_thermal,ElasticNet,16.95718121923139,10.429466876987561,5,1
5,G3_thermal__Ridge__alpha=0.1__log,G3_thermal,Ridge,19.536700737635083,15.812879419013468,5,0
