cell_id,batch,actual,policy_group,c1,soc_switch,c2,predicted,error_cycles,absolute_percentage_error,target_range,phase,cv_fold
b1c11,Batch 1,788.0,5.4|0.5|3,5.4,0.5,3.0,970.2618790164031,182.2618790164031,23.129680078223746,within_train,CV,5.0
b1c14,Batch 1,880.0,5.4|0.6|3,5.4,0.6,3.0,917.6948931818849,37.694893181884936,4.283510588850561,within_train,CV,3.0
b1c15,Batch 1,719.0,5.4|0.6|3,5.4,0.6,3.0,903.6716577630556,184.67165776305558,25.6845142924973,within_train,CV,3.0
b1c16,Batch 1,862.0,5.4|0.6|3.6,5.4,0.6,3.6,930.5998609169458,68.59986091694577,7.95822052400763,within_train,CV,2.0
b1c17,Batch 1,857.0,5.4|0.6|3.6,5.4,0.6,3.6,869.8992024743832,12.899202474383173,1.5051578149805336,within_train,CV,2.0
b1c18,Batch 1,691.0,5.4|0.7|3,5.4,0.7,3.0,714.294062483092,23.294062483092034,3.3710654823577473,within_train,CV,1.0
b1c19,Batch 1,788.0,5.4|0.7|3,5.4,0.7,3.0,700.026850840188,-87.97314915981201,11.164105223326398,within_train,CV,1.0
b1c20,Batch 1,534.0,5.4|0.8|5.4,5.4,0.8,5.4,581.3471380863806,47.347138086380596,8.866505259621835,within_train,CV,5.0
b1c21,Batch 1,559.0,5.4|0.8|5.4,5.4,0.8,5.4,572.9172877594372,13.917287759437158,2.489675806697166,within_train,CV,5.0
b1c23,Batch 1,1014.0,6|0.3|3.6,6.0,0.3,3.6,866.8256003028591,-147.17439969714087,14.514240601295944,within_train,CV,4.0
b1c24,Batch 1,1017.0,6|0.4|3,6.0,0.4,3.0,826.9005549909621,-190.09944500903794,18.692177483681213,within_train,CV,4.0
b1c25,Batch 1,854.0,6|0.4|3,6.0,0.4,3.0,861.7808535479413,7.7808535479413194,0.9111069728268524,within_train,CV,4.0
b1c26,Batch 1,870.0,6|0.4|3.6,6.0,0.4,3.6,792.6012148682021,-77.39878513179792,8.896412084114704,within_train,CV,3.0
b1c27,Batch 1,842.0,6|0.4|3.6,6.0,0.4,3.6,821.7655903496284,-20.234409650371617,2.403136538048886,within_train,CV,3.0
b1c28,Batch 1,860.0,6|0.5|3,6.0,0.5,3.0,810.9861989501666,-49.01380104983343,5.699279191841097,within_train,CV,2.0
b1c29,Batch 1,917.0,6|0.5|3,6.0,0.5,3.0,807.9664797898537,-109.03352021014632,11.890242116700799,within_train,CV,2.0
b1c30,Batch 1,709.0,6|0.5|3.6,6.0,0.5,3.6,759.0331510527179,50.033151052717926,7.056861925630174,within_train,CV,1.0
b1c31,Batch 1,876.0,6|0.5|3.6,6.0,0.5,3.6,774.6525255631832,-101.34747443681681,11.569346396896897,within_train,CV,1.0
b1c32,Batch 1,731.0,6|0.6|3,6.0,0.6,3.0,720.63254936016,-10.367450639839944,1.4182559014828926,within_train,CV,5.0
b1c33,Batch 1,757.0,6|0.6|3,6.0,0.6,3.0,730.9054353674996,-26.09456463250035,3.447102329260284,within_train,CV,5.0
b1c34,Batch 1,742.0,7|0.3|3.6,7.0,0.3,3.6,791.6996751793082,49.6996751793082,6.698069431173612,within_train,CV,4.0
b1c35,Batch 1,703.0,7|0.3|3.6,7.0,0.3,3.6,761.985751207414,58.985751207413955,8.390576274169838,within_train,CV,4.0
b1c38,Batch 1,617.0,7|0.4|3.6,7.0,0.4,3.6,611.9935454686054,-5.006454531394638,0.8114188867738473,within_train,CV,3.0
b1c39,Batch 1,625.0,7|0.4|3.6,7.0,0.4,3.6,647.6419233768215,22.641923376821524,3.622707740291444,within_train,CV,3.0
b1c42,Batch 1,702.0,8|0.25|3.6,8.0,0.25,3.6,726.9914330075283,24.991433007528258,3.560033191955592,within_train,CV,2.0
b1c43,Batch 1,651.0,8|0.25|3.6,8.0,0.25,3.6,727.8946510603811,76.89465106038108,11.811774356433345,within_train,CV,2.0
b1c44,Batch 1,616.0,8|0.35|3.6,8.0,0.35,3.6,605.8347487653243,-10.16525123467568,1.6502031225122855,within_train,CV,1.0
b1c45,Batch 1,599.0,8|0.35|3.6,8.0,0.35,3.6,608.0061195811323,9.006119581132339,1.5035258065329447,within_train,CV,1.0
b1c9,Batch 1,1054.0,5.4|0.4|3.6,5.4,0.4,3.6,874.0928071035007,-179.90719289649928,17.068993633443956,within_train,CV,4.0
b1c36,Batch 1,704.0,7|0.4|3,7.0,0.4,3.0,728.044100164573,24.044100164573024,3.4153551370132136,within_train,Valid,
b1c37,Batch 1,648.0,7|0.4|3,7.0,0.4,3.0,730.1183101083899,82.11831010838989,12.672578720430538,within_train,Valid,
b1c40,Batch 1,966.0,8|0.15|3.6,8.0,0.15,3.6,908.334173299117,-57.66582670088303,5.969547277524123,within_train,Valid,
b1c41,Batch 1,1051.0,8|0.15|3.6,8.0,0.15,3.6,915.9537468157318,-135.04625318426815,12.849310483755294,within_train,Valid,
b1c5,Batch 1,1074.0,4.4|0.8|4.4,4.4,0.8,4.4,966.1380665734016,-107.8619334265984,10.043010561135793,above_train,Valid,
b1c6,Batch 1,636.0,4.8|0.8|4.8,4.8,0.8,4.8,774.4949143807652,138.49491438076518,21.775929934082576,within_train,Valid,
b1c7,Batch 1,870.0,4.8|0.8|4.8,4.8,0.8,4.8,795.3457689116553,-74.65423108834466,8.580946102108582,within_train,Valid,
b2c0,Batch 2,477.0,5.2|0.58|4,5.2,0.58,4.0,628.5698762902416,151.5698762902416,31.77565540675925,below_train,Batch 2,
b2c1,Batch 2,491.0,5.6|0.26|4.5,5.6,0.26,4.5,528.9605047939367,37.96050479393671,7.731263705486091,below_train,Batch 2,
b2c10,Batch 2,492.0,4.8|0.8|4.8,4.8,0.8,4.8,609.4260808268134,117.4260808268134,23.867089598945817,below_train,Batch 2,
b2c11,Batch 2,449.0,5.2|0.5|4.25,5.2,0.5,4.25,627.5846056324128,178.58460563241283,39.77385426111644,below_train,Batch 2,
b2c12,Batch 2,466.0,4.65|0.44|5,4.65,0.44,5.0,460.479712762416,-5.520287237584,1.1846109951896997,below_train,Batch 2,
b2c13,Batch 2,460.0,4.65|0.69|6,4.65,0.69,6.0,553.3853666092187,93.38536660921875,20.301166654177987,below_train,Batch 2,
b2c14,Batch 2,426.0,3.6|0.3|6,3.6,0.3,6.0,434.4481344886644,8.44813448866438,1.983130161658305,below_train,Batch 2,
b2c15,Batch 2,396.0,3.6|0.09|5,3.6,0.09,5.0,643.8298387335085,247.8298387335085,62.58329260947185,below_train,Batch 2,
b2c16,Batch 2,472.0,4.8|0.8|4.8,4.8,0.8,4.8,632.5793403698198,160.57934036981976,34.02104668852114,below_train,Batch 2,
b2c17,Batch 2,471.0,5.6|0.26|4.5,5.6,0.26,4.5,635.4553497561159,164.45534975611588,34.916210139302734,below_train,Batch 2,
b2c18,Batch 2,449.0,5.2|0.5|4.25,5.2,0.5,4.25,744.4064783788352,295.40647837883523,65.7920887257985,below_train,Batch 2,
b2c19,Batch 2,392.0,6|0.6|3,6.0,0.6,3.0,525.7527205990007,133.75272059900067,34.12059198954099,below_train,Batch 2,
b2c2,Batch 2,424.0,5.2|0.5|4.25,5.2,0.5,4.25,614.3473672484292,190.34736724842924,44.89324699255406,below_train,Batch 2,
b2c20,Batch 2,489.0,5.2|0.58|4,5.2,0.58,4.0,604.3750639496322,115.37506394963225,23.594082607286758,below_train,Batch 2,
b2c21,Batch 2,408.0,6|0.6|3,6.0,0.6,3.0,544.0312540556487,136.03125405564867,33.340993641090364,below_train,Batch 2,
b2c24,Batch 2,514.0,4.8|0.8|4.8,4.8,0.8,4.8,709.4417180809475,195.44171808094745,38.02368056049561,below_train,Batch 2,
b2c25,Batch 2,493.0,5.2|0.58|4,5.2,0.58,4.0,653.4247217193999,160.42472171939994,32.54051150494928,below_train,Batch 2,
b2c26,Batch 2,450.0,5.6|0.26|4.5,5.6,0.26,4.5,488.95230429306986,38.95230429306986,8.65606762068219,below_train,Batch 2,
b2c27,Batch 2,474.0,5.2|0.5|4.25,5.2,0.5,4.25,628.0112382527609,154.0112382527609,32.49182241619428,below_train,Batch 2,
b2c28,Batch 2,437.0,4.8|0.8|4.8,4.8,0.8,4.8,594.9548224158005,157.95482241580055,36.145268287368545,below_train,Batch 2,
b2c29,Batch 2,452.0,5.2|0.58|4,5.2,0.58,4.0,639.6163520229178,187.6163520229178,41.508042482946415,below_train,Batch 2,
b2c3,Batch 2,499.0,4.65|0.44|5,4.65,0.44,5.0,633.2963532763622,134.2963532763622,26.913096848970383,below_train,Batch 2,
b2c30,Batch 2,412.0,5.6|0.26|4.5,5.6,0.26,4.5,469.6614398650983,57.661439865098316,13.99549511288794,below_train,Batch 2,
b2c31,Batch 2,425.0,5.6|0.26|4.5,5.6,0.26,4.5,557.5500850015909,132.5500850015909,31.188255294491977,below_train,Batch 2,
b2c32,Batch 2,809.0,4.8|0.8|4.8,4.8,0.8,4.8,967.702739078084,158.70273907808405,19.61714945340965,within_train,Batch 2,
b2c33,Batch 2,1140.0,5.2|0.58|4,5.2,0.58,4.0,1020.4320309540141,-119.56796904598593,10.488418337367188,above_train,Batch 2,
b2c34,Batch 2,1186.0,5.6|0.26|4.5,5.6,0.26,4.5,1134.646628581791,-51.35337141820901,4.329963863255397,above_train,Batch 2,
b2c4,Batch 2,444.0,4.65|0.69|6,4.65,0.69,6.0,494.45528111231937,50.45528111231937,11.363802052324182,below_train,Batch 2,
b2c41,Batch 2,442.0,5.6|0.26|4.5,5.6,0.26,4.5,462.7946987255862,20.794698725586215,4.704682969589641,below_train,Batch 2,
b2c42,Batch 2,474.0,5.2|0.5|4.25,5.2,0.5,4.25,626.1076419769068,152.10764197690685,32.09021982635166,below_train,Batch 2,
b2c43,Batch 2,1029.0,4.8|0.8|4.8,4.8,0.8,4.8,1041.5704658252967,12.570465825296651,1.221619613731453,within_train,Batch 2,
b2c44,Batch 2,841.0,5.2|0.58|4,5.2,0.58,4.0,1090.3932562388604,249.39325623886043,29.65437053969803,within_train,Batch 2,
b2c45,Batch 2,997.0,5.6|0.26|4.5,5.6,0.26,4.5,990.7338201991345,-6.26617980086553,0.6285034905582276,within_train,Batch 2,
b2c46,Batch 2,503.0,4.8|0.8|4.8,4.8,0.8,4.8,639.9464050543493,136.94640505434927,27.22592545812113,below_train,Batch 2,
b2c5,Batch 2,416.0,3.6|0.3|6,3.6,0.3,6.0,417.26608374752936,1.2660837475293647,0.3043470546945588,below_train,Batch 2,
b2c6,Batch 2,393.0,3.6|0.09|5,3.6,0.09,5.0,651.088256249558,258.08825624955796,65.67131202278829,below_train,Batch 2,
b2c7,Batch 2,777.0,4.8|0.8|4.8,4.8,0.8,4.8,1020.454020619193,243.454020619193,31.332563786253925,within_train,Batch 2,
b2c8,Batch 2,904.0,5.2|0.58|4,5.2,0.58,4.0,952.4130094500633,48.41300945006333,5.355421399343289,within_train,Batch 2,
b2c9,Batch 2,791.0,5.6|0.26|4.5,5.6,0.26,4.5,1079.8129872541526,288.81298725415263,36.512387769172264,within_train,Batch 2,
b3c0,Batch 3,1009.0,5|0.67|4,5.0,0.67,4.0,1027.5318803722184,18.53188037221844,1.836658114194097,within_train,Batch 3,
b3c1,Batch 3,1063.0,5.3|0.54|4,5.3,0.54,4.0,1048.8146810904784,-14.185318909521584,1.3344608569634604,above_train,Batch 3,
b3c10,Batch 3,1078.0,4.8|0.8|4.8,4.8,0.8,4.8,1115.0476915100444,37.04769151004439,3.4367060769985516,above_train,Batch 3,
b3c11,Batch 3,817.0,5.6|0.19|4.6,5.6,0.19,4.6,837.9117857513357,20.911785751335742,2.5595820993067004,within_train,Batch 3,
b3c12,Batch 3,932.0,5.6|0.36|4.3,5.6,0.36,4.3,870.481955245886,-61.518044754114044,6.6006485787676015,within_train,Batch 3,
b3c13,Batch 3,816.0,5.6|0.19|4.6,5.6,0.19,4.6,948.224661630128,132.22466163012803,16.204002650750983,within_train,Batch 3,
b3c14,Batch 3,858.0,5.6|0.36|4.3,5.6,0.36,4.3,898.3188600907126,40.31886009071263,4.6991678427404,within_train,Batch 3,
b3c15,Batch 3,876.0,5.9|0.15|4.6,5.9,0.15,4.6,898.8541050560943,22.85410505609434,2.6089161022938745,within_train,Batch 3,
b3c16,Batch 3,1638.0,4.8|0.8|4.8,4.8,0.8,4.8,1264.1129455020066,-373.8870544979934,22.82582750293,above_train,Batch 3,
b3c17,Batch 3,1315.0,5.3|0.54|4,5.3,0.54,4.0,1129.9760105420787,-185.0239894579213,14.070265358016826,above_train,Batch 3,
b3c18,Batch 3,1146.0,5.6|0.19|4.6,5.6,0.19,4.6,1032.2367366017259,-113.76326339827415,9.926986334927935,above_train,Batch 3,
b3c19,Batch 3,1155.0,5.6|0.36|4.3,5.6,0.36,4.3,989.0107454016463,-165.98925459835368,14.371364034489497,above_train,Batch 3,
b3c2,Batch 3,1267.0,5.6|0.19|4.6,5.6,0.19,4.6,1308.7903106519339,41.79031065193385,3.298367060136847,above_train,Batch 3,
b3c20,Batch 3,813.0,5|0.67|4,5.0,0.67,4.0,933.4202472794174,120.42024727941737,14.811838533753674,within_train,Batch 3,
b3c21,Batch 3,772.0,3.7|0.31|5.9,3.7,0.31,5.9,742.8397686940054,-29.160231305994557,3.7772320344552535,within_train,Batch 3,
b3c22,Batch 3,1002.0,5.9|0.6|3.1,5.9,0.6,3.1,923.1429448506944,-78.85705514930555,7.869965583763029,within_train,Batch 3,
b3c24,Batch 3,825.0,5|0.67|4,5.0,0.67,4.0,980.2261173701268,155.22611737012676,18.815286953954757,within_train,Batch 3,
b3c25,Batch 3,989.0,5.3|0.54|4,5.3,0.54,4.0,975.6491230805277,-13.350876919472284,1.3499369989355192,within_train,Batch 3,
b3c26,Batch 3,1028.0,5.6|0.19|4.6,5.6,0.19,4.6,1014.0511109143984,-13.94888908560165,1.3568958254476313,within_train,Batch 3,
b3c27,Batch 3,850.0,5.6|0.36|4.3,5.6,0.36,4.3,967.0005511570942,117.00055115709415,13.764770724364018,within_train,Batch 3,
b3c28,Batch 3,541.0,3.7|0.31|5.9,3.7,0.31,5.9,609.8250057934872,68.82500579348721,12.72181253114366,within_train,Batch 3,
b3c29,Batch 3,858.0,5.9|0.15|4.6,5.9,0.15,4.6,931.9627512958336,73.96275129583364,8.620367283896694,within_train,Batch 3,
b3c3,Batch 3,1115.0,5.6|0.36|4.3,5.6,0.36,4.3,959.8807025374167,-155.1192974625833,13.912044615478322,above_train,Batch 3,
b3c30,Batch 3,935.0,5.3|0.54|4,5.3,0.54,4.0,951.2564574748645,16.256457474864533,1.7386585534614474,within_train,Batch 3,
b3c31,Batch 3,731.0,5.9|0.6|3.1,5.9,0.6,3.1,814.0545398533443,83.0545398533443,11.361770157776236,within_train,Batch 3,
b3c33,Batch 3,1284.0,5|0.67|4,5.0,0.67,4.0,1106.9102093400434,-177.08979065995663,13.79203977102466,above_train,Batch 3,
b3c34,Batch 3,1158.0,5.3|0.54|4,5.3,0.54,4.0,1059.404950593509,-98.59504940649094,8.514252971199562,above_train,Batch 3,
b3c35,Batch 3,1093.0,5.6|0.19|4.6,5.6,0.19,4.6,1022.1324140546174,-70.86758594538264,6.483768156027689,above_train,Batch 3,
b3c36,Batch 3,923.0,5.6|0.36|4.3,5.6,0.36,4.3,1031.9239893226918,108.9239893226918,11.801082266813845,within_train,Batch 3,
b3c37,Batch 3,1390.0,4.8|0.8|4.8,4.8,0.8,4.8,1476.974618004242,86.97461800424207,6.257166762895113,above_train,Batch 3,
b3c38,Batch 3,1935.0,5|0.67|4,5.0,0.67,4.0,1078.5639370909291,-856.4360629090709,44.26026164904759,above_train,Batch 3,
b3c39,Batch 3,1156.0,5.3|0.54|4,5.3,0.54,4.0,1137.831534943237,-18.168465056762898,1.5716665274016348,above_train,Batch 3,
b3c4,Batch 3,1048.0,5.6|0.19|4.6,5.6,0.19,4.6,992.445128804585,-55.55487119541499,5.301037327806774,within_train,Batch 3,
b3c40,Batch 3,796.0,5.6|0.19|4.6,5.6,0.19,4.6,1053.8503694530978,257.85036945309776,32.39326249410776,within_train,Batch 3,
b3c41,Batch 3,786.0,5.6|0.36|4.3,5.6,0.36,4.3,1014.0521410799395,228.05214107993947,29.014267312969398,within_train,Batch 3,
b3c42,Batch 3,1642.0,4.8|0.8|4.8,4.8,0.8,4.8,1080.7442595026332,-561.2557404973668,34.18122658327447,above_train,Batch 3,
b3c43,Batch 3,1046.0,5|0.67|4,5.0,0.67,4.0,1065.2423800421911,19.242380042191144,1.8396156828098609,within_train,Batch 3,
b3c44,Batch 3,940.0,5.3|0.54|4,5.3,0.54,4.0,967.7181991293752,27.718199129375193,2.9487445882314036,within_train,Batch 3,
b3c45,Batch 3,1801.0,4.8|0.8|4.8,4.8,0.8,4.8,1172.6900892434605,-628.3099107565395,34.886724639452495,above_train,Batch 3,
b3c5,Batch 3,828.0,5.6|0.36|4.3,5.6,0.36,4.3,958.7310668499101,130.73106684991012,15.788776189602673,within_train,Batch 3,
b3c6,Batch 3,667.0,3.7|0.31|5.9,3.7,0.31,5.9,648.8079881474598,-18.19201185254019,2.727438058851603,within_train,Batch 3,
b3c7,Batch 3,1836.0,4.8|0.8|4.8,4.8,0.8,4.8,1155.7868561667442,-680.2131438332558,37.048646178281906,above_train,Batch 3,
b3c8,Batch 3,828.0,5|0.67|4,5.0,0.67,4.0,946.8228972397258,118.82289723972576,14.35059145407316,within_train,Batch 3,
b3c9,Batch 3,1039.0,5.3|0.54|4,5.3,0.54,4.0,889.1742202050058,-149.82577979499422,14.420190548122639,within_train,Batch 3,
