batch,feature,train_mean,external_mean,standardized_mean_difference,outside_train_range_n,n_observed,missing_n
Batch 2,log_var_delta_q,-3.790467976033164,-3.5958419615458785,0.8359266161497128,17,39,0
Batch 2,qd_slope_10_100,-2.0212020939765085e-05,4.0484294044879185e-06,0.805750756084735,21,39,0
Batch 2,mean_chargetime,11.08113291900487,20.21033420726496,6.339294093099516,10,39,0
Batch 2,c1,6.222222222222223,5.030769230769231,-1.1547196556086767,4,39,0
Batch 2,mean_tavg,32.80217294836862,32.89827673780798,0.12005167052032573,7,39,0
Batch 2,charge_rms_a,3.1258996235758243,3.232386600380136,0.7529501321823304,6,39,0
Batch 3,log_var_delta_q,-3.790467976033164,-4.193782063234681,-1.7322503420111854,21,44,0
Batch 3,qd_slope_10_100,-2.0212020939765085e-05,-2.7555008107830853e-05,-0.2438791274948889,3,44,0
Batch 3,mean_chargetime,11.08113291900487,10.181554667424239,-0.6246648437754789,0,44,0
Batch 3,c1,6.222222222222223,5.238636363636364,-0.9532612130191945,3,44,0
Batch 3,mean_tavg,32.80217294836862,34.169543574881224,1.7081025513238428,25,44,0
Batch 3,charge_rms_a,3.1258996235758243,3.167746951632427,0.29589487970533174,0,44,0
