feature_set,fold,mape_pct,delta_vs_g0_pctp
G0_delta,1,6.052517992876074,0.0
G0_delta,2,7.070784532653167,0.0
G0_delta,3,7.616950021762791,0.0
G0_delta,4,11.045860732765236,0.0
G0_delta,5,7.870243875057184,0.0
G1_trend,1,6.081490084193949,0.02897209131787548
G1_trend,2,7.069635027278619,-0.0011495053745473882
G1_trend,3,8.104297809439721,0.48734778767693054
G1_trend,4,11.196626634638626,0.15076590187339
G1_trend,5,17.329350915848032,9.459107040790848
G2_charge,1,6.394162700043498,0.3416447071674247
G2_charge,2,8.281340605800976,1.210556073147809
G2_charge,3,21.98733442493348,14.37038440317069
G2_charge,4,11.265472598068099,0.2196118653028627
G2_charge,5,17.210613657255365,9.34036978219818
G3_thermal,1,8.548661312064905,2.496143319188831
G3_thermal,2,8.593975255422563,1.5231907227693968
G3_thermal,3,28.163420943713678,20.54647092195089
G3_thermal,4,11.964901003202582,0.9190402704373462
G3_thermal,5,17.181020072882205,9.310776197825021
G4_current,1,9.078878301083789,3.026360308207715
G4_current,2,7.855952870981554,0.7851683383283872
G4_current,3,6.192857900256147,-1.4240921215066438
G4_current,4,10.73831047618131,-0.30755025658392654
G4_current,5,7.914782482555836,0.04453860749865157
