candidate,fold,train_n,valid_n,mape_pct,mae_cycles,rmse_cycles
G0_delta__Ridge__alpha=0.1__raw,1,23,6,6.052517992876074,46.969867991374464,59.49924036156509
G0_delta__Ridge__alpha=0.1__raw,2,23,6,7.070784532653167,56.90541145320301,65.44762619904053
G0_delta__Ridge__alpha=0.1__raw,3,23,6,7.616950021762789,57.94135393922104,84.12515548069128
G0_delta__Ridge__alpha=0.1__raw,4,23,6,11.045860732765235,105.6078862562236,126.60609465004862
G0_delta__Ridge__alpha=0.1__raw,5,24,5,7.870243875057184,55.99766402691223,85.37358521494689
G0_delta__Ridge__alpha=0.1__log,1,23,6,5.922655751322406,46.71425642346647,64.0269073594782
G0_delta__Ridge__alpha=0.1__log,2,23,6,6.961267129971409,57.20651989030737,68.82955640880274
G0_delta__Ridge__alpha=0.1__log,3,23,6,8.015281564898494,61.69426551403092,87.24200043470074
G0_delta__Ridge__alpha=0.1__log,4,23,6,10.603100971911555,101.79903360134433,122.46336628603271
G0_delta__Ridge__alpha=0.1__log,5,24,5,9.742359834515483,67.99292480269462,94.36268931195615
G0_delta__Ridge__alpha=10__raw,1,23,6,8.611938979128862,61.891798247900134,64.25216433705151
G0_delta__Ridge__alpha=10__raw,2,23,6,7.27634300786981,57.77397410655269,69.04358869688772
G0_delta__Ridge__alpha=10__raw,3,23,6,8.567152513845446,62.14529995768945,76.58684202167257
G0_delta__Ridge__alpha=10__raw,4,23,6,12.630533646753308,122.67955310222818,149.3296849687256
G0_delta__Ridge__alpha=10__raw,5,24,5,10.732562657747117,67.50849937883902,84.21937856022565
G0_delta__Ridge__alpha=10__log,1,23,6,8.083859512594678,59.25520111154113,64.83643750398655
G0_delta__Ridge__alpha=10__log,2,23,6,7.2222296425018815,58.58259337238536,71.69281355238195
G0_delta__Ridge__alpha=10__log,3,23,6,8.565704039710043,63.291633951112864,76.59806503830993
G0_delta__Ridge__alpha=10__log,4,23,6,12.36252723718107,120.97302871613505,149.6622829343261
G0_delta__Ridge__alpha=10__log,5,24,5,10.900026417538063,68.60470717282718,85.63841199348641
"G0_delta__ElasticNet__alpha=0.01,l1=0.5__raw",1,23,6,6.052819718123045,46.969773201084536,59.48701421123027
"G0_delta__ElasticNet__alpha=0.01,l1=0.5__raw",2,23,6,7.069579965528934,56.89302676003865,65.44415779748896
"G0_delta__ElasticNet__alpha=0.01,l1=0.5__raw",3,23,6,7.613196579055703,57.91336024755041,84.09170129203784
"G0_delta__ElasticNet__alpha=0.01,l1=0.5__raw",4,23,6,11.046981331878332,105.62575798951154,126.65611159335785
"G0_delta__ElasticNet__alpha=0.01,l1=0.5__raw",5,24,5,7.877036999133943,56.018962188668546,85.32990022733607
"G0_delta__ElasticNet__alpha=0.01,l1=0.5__log",1,23,6,5.9386431148145045,46.7262911631409,63.39309966472554
"G0_delta__ElasticNet__alpha=0.01,l1=0.5__log",2,23,6,6.867256704197578,56.30634036595452,68.45392923974667
"G0_delta__ElasticNet__alpha=0.01,l1=0.5__log",3,23,6,7.854847965161971,60.405861301971676,85.34755611668251
"G0_delta__ElasticNet__alpha=0.01,l1=0.5__log",4,23,6,10.687301478215943,103.07667236175763,125.90637156161111
"G0_delta__ElasticNet__alpha=0.01,l1=0.5__log",5,24,5,9.86200492034447,67.87085552392239,91.92659600361445
"G0_delta__ElasticNet__alpha=0.1,l1=0.5__raw",1,23,6,6.071602244547839,46.963872464759596,58.939494580377875
"G0_delta__ElasticNet__alpha=0.1,l1=0.5__raw",2,23,6,6.9944322975096656,56.12039998672532,65.3374580692997
"G0_delta__ElasticNet__alpha=0.1,l1=0.5__raw",3,23,6,7.500780653001506,56.91800632690481,82.13477347602698
"G0_delta__ElasticNet__alpha=0.1,l1=0.5__raw",4,23,6,11.115921041188862,106.72523422802105,129.76731209466226
"G0_delta__ElasticNet__alpha=0.1,l1=0.5__raw",5,24,5,8.211811714004213,57.0685655741903,83.45727744360299
"G0_delta__ElasticNet__alpha=0.1,l1=0.5__log",1,23,6,8.69189458410579,62.82707829431316,66.99400719938437
"G0_delta__ElasticNet__alpha=0.1,l1=0.5__log",2,23,6,7.335613864163758,59.39558418534828,73.57190489936941
"G0_delta__ElasticNet__alpha=0.1,l1=0.5__log",3,23,6,9.000144532604061,66.39282329646007,76.4323123872359
"G0_delta__ElasticNet__alpha=0.1,l1=0.5__log",4,23,6,13.219134420613507,129.8480328596168,160.63939412361344
"G0_delta__ElasticNet__alpha=0.1,l1=0.5__log",5,24,5,11.817346698395248,72.25937511543592,88.84001232945151
"G0_delta__RandomForest__depth=2,leaf=2__raw",1,23,6,5.96234862206925,47.233656796906736,66.54427261700239
"G0_delta__RandomForest__depth=2,leaf=2__raw",2,23,6,6.983842731758134,55.155699615199524,61.504564933165014
"G0_delta__RandomForest__depth=2,leaf=2__raw",3,23,6,8.70367379793486,65.28464430014422,92.15476465585525
"G0_delta__RandomForest__depth=2,leaf=2__raw",4,23,6,15.683114250080777,142.5595056887556,156.016669870935
"G0_delta__RandomForest__depth=2,leaf=2__raw",5,24,5,11.715330166605424,77.60768037518042,89.41455848309249
"G0_delta__RandomForest__depth=2,leaf=2__log",1,23,6,6.23254779657075,48.85545157326732,66.62901768808335
"G0_delta__RandomForest__depth=2,leaf=2__log",2,23,6,7.01807914782673,55.2339059654052,63.273175736685076
"G0_delta__RandomForest__depth=2,leaf=2__log",3,23,6,8.501744641560782,63.38860507182185,89.3715458637731
"G0_delta__RandomForest__depth=2,leaf=2__log",4,23,6,15.335554449892424,139.8154974919926,153.91543110865635
"G0_delta__RandomForest__depth=2,leaf=2__log",5,24,5,11.32432681283064,74.98300361494242,85.5751474276698
"G0_delta__RandomForest__depth=3,leaf=2__raw",1,23,6,5.7248664691335245,45.76627777777776,66.0859033427097
"G0_delta__RandomForest__depth=3,leaf=2__raw",2,23,6,7.124626412906378,56.53139219576722,62.4819978476183
"G0_delta__RandomForest__depth=3,leaf=2__raw",3,23,6,8.462877918199085,64.01133291245786,92.89116398868106
"G0_delta__RandomForest__depth=3,leaf=2__raw",4,23,6,17.028207353356454,154.31601984126988,166.31858414759913
"G0_delta__RandomForest__depth=3,leaf=2__raw",5,24,5,11.485296814759863,76.30742503607516,89.51938487049873
"G0_delta__RandomForest__depth=3,leaf=2__log",1,23,6,5.976662879451277,47.43557401879601,67.81932631409816
"G0_delta__RandomForest__depth=3,leaf=2__log",2,23,6,6.883385971396448,54.70816025784128,61.59291827692668
"G0_delta__RandomForest__depth=3,leaf=2__log",3,23,6,8.547814023559614,64.39896153872814,91.77479370107176
"G0_delta__RandomForest__depth=3,leaf=2__log",4,23,6,17.123446908677035,155.30888842473396,167.427490544947
"G0_delta__RandomForest__depth=3,leaf=2__log",5,24,5,11.312615247708017,75.09813645712123,87.18436456214934
"G0_delta__GradientBoosting__trees=60,depth=1__raw",1,23,6,5.795210442436014,46.833333333333336,72.80949750786414
"G0_delta__GradientBoosting__trees=60,depth=1__raw",2,23,6,5.934489661587915,46.448620475064295,55.50159924976625
"G0_delta__GradientBoosting__trees=60,depth=1__raw",3,23,6,5.633770331015453,41.452231606562044,75.53138065608812
"G0_delta__GradientBoosting__trees=60,depth=1__raw",4,23,6,15.03709088011291,137.84732765190094,152.92400205934442
"G0_delta__GradientBoosting__trees=60,depth=1__raw",5,24,5,12.2900476961689,78.61109197745357,89.58128314062591
"G0_delta__GradientBoosting__trees=60,depth=1__log",1,23,6,5.99780870961082,48.12439358908599,73.49672222892443
"G0_delta__GradientBoosting__trees=60,depth=1__log",2,23,6,5.979180275236304,46.889949976518984,55.35000500554972
"G0_delta__GradientBoosting__trees=60,depth=1__log",3,23,6,5.342560152512847,38.97274715837375,71.6077824199372
"G0_delta__GradientBoosting__trees=60,depth=1__log",4,23,6,15.049321312484928,138.43040755480047,153.8867697544379
"G0_delta__GradientBoosting__trees=60,depth=1__log",5,24,5,11.699806937503068,75.04832418024095,84.36979559768137
"G0_delta__GradientBoosting__trees=120,depth=2__raw",1,23,6,6.7116451093643645,52.61089122088674,76.42405575989997
"G0_delta__GradientBoosting__trees=120,depth=2__raw",2,23,6,6.589704886630705,52.59894277101959,57.74622337098592
"G0_delta__GradientBoosting__trees=120,depth=2__raw",3,23,6,7.1676645742320675,53.861289406717425,81.16170887611622
"G0_delta__GradientBoosting__trees=120,depth=2__raw",4,23,6,17.710650527667983,158.70086190421378,165.2414144719587
"G0_delta__GradientBoosting__trees=120,depth=2__raw",5,24,5,11.398436649133977,75.10250274572675,86.22836731233745
"G0_delta__GradientBoosting__trees=120,depth=2__log",1,23,6,6.990214745204389,54.43169989209434,77.9116777153113
"G0_delta__GradientBoosting__trees=120,depth=2__log",2,23,6,6.399510911633742,51.02477494762201,57.694165399488554
"G0_delta__GradientBoosting__trees=120,depth=2__log",3,23,6,7.2133138378045745,53.95825737445379,79.92783984521077
"G0_delta__GradientBoosting__trees=120,depth=2__log",4,23,6,17.686069830771654,158.83326236231989,166.09713314099068
"G0_delta__GradientBoosting__trees=120,depth=2__log",5,24,5,11.24572933398618,74.29566619785999,84.11847721317393
G1_trend__Ridge__alpha=0.1__raw,1,23,6,6.081490084193949,47.23272359153956,59.83901118401247
G1_trend__Ridge__alpha=0.1__raw,2,23,6,7.06963502727862,56.89694370139254,65.44456807399337
G1_trend__Ridge__alpha=0.1__raw,3,23,6,8.104297809439723,61.27741195267803,86.40956758411271
G1_trend__Ridge__alpha=0.1__raw,4,23,6,11.196626634638625,106.99994044159784,128.7688306503639
G1_trend__Ridge__alpha=0.1__raw,5,24,5,17.329350915848035,106.45493452363094,138.61697945723927
G1_trend__Ridge__alpha=0.1__log,1,23,6,5.872889251349389,46.297721449264166,63.927783388980465
G1_trend__Ridge__alpha=0.1__log,2,23,6,7.149245137813119,58.605008545123745,69.18060164935163
G1_trend__Ridge__alpha=0.1__log,3,23,6,9.281491098154154,70.30347765552715,92.71082467474916
G1_trend__Ridge__alpha=0.1__log,4,23,6,10.870839818353579,104.31875018171606,126.44477474236139
G1_trend__Ridge__alpha=0.1__log,5,24,5,17.92305700703027,111.54075613715308,140.64848111634745
G1_trend__Ridge__alpha=10__raw,1,23,6,8.656779853238007,61.844650011773204,66.59036927191573
G1_trend__Ridge__alpha=10__raw,2,23,6,7.493936462123283,59.13435199127099,69.41917185120934
G1_trend__Ridge__alpha=10__raw,3,23,6,10.611461009781937,75.7440383374945,89.81932710527366
G1_trend__Ridge__alpha=10__raw,4,23,6,13.09944874925201,126.33872823284828,150.95145699264896
G1_trend__Ridge__alpha=10__raw,5,24,5,10.174510604406386,64.57136233105548,80.67444323264452
G1_trend__Ridge__alpha=10__log,1,23,6,8.099304410121414,59.00684511868991,67.96576614074687
G1_trend__Ridge__alpha=10__log,2,23,6,7.4781227722394785,60.19163528788395,71.28437118638584
G1_trend__Ridge__alpha=10__log,3,23,6,10.785247697610213,78.045334651517,91.18380107057733
G1_trend__Ridge__alpha=10__log,4,23,6,12.93656319030977,125.47278679531983,151.56982416302614
G1_trend__Ridge__alpha=10__log,5,24,5,10.533083953683061,66.6891172903189,83.31551714722666
"G1_trend__ElasticNet__alpha=0.01,l1=0.5__raw",1,23,6,6.080789737390086,47.2234656913923,59.81058207340976
"G1_trend__ElasticNet__alpha=0.01,l1=0.5__raw",2,23,6,7.070584911572518,56.9005812523778,65.44684299652441
"G1_trend__ElasticNet__alpha=0.01,l1=0.5__raw",3,23,6,8.114346695020537,61.33848252865423,86.40927277362745
"G1_trend__ElasticNet__alpha=0.01,l1=0.5__raw",4,23,6,11.1985620154966,107.02454851712882,128.82768646611328
"G1_trend__ElasticNet__alpha=0.01,l1=0.5__raw",5,24,5,17.284335857035764,106.19727116454037,138.2671236809432
"G1_trend__ElasticNet__alpha=0.01,l1=0.5__log",1,23,6,5.904732856232454,46.44232854126985,63.37738734369058
"G1_trend__ElasticNet__alpha=0.01,l1=0.5__log",2,23,6,7.0020041563915765,57.308836690454335,68.6787995628281
"G1_trend__ElasticNet__alpha=0.01,l1=0.5__log",3,23,6,9.156970057556507,69.14505158800063,90.35638812691904
"G1_trend__ElasticNet__alpha=0.01,l1=0.5__log",4,23,6,10.916359235010047,105.2297952263026,129.35520340914942
"G1_trend__ElasticNet__alpha=0.01,l1=0.5__log",5,24,5,14.96370931764321,95.02022657442994,118.83669214722408
"G1_trend__ElasticNet__alpha=0.1,l1=0.5__raw",1,23,6,6.049202024712015,46.76442787375661,58.870765322696485
"G1_trend__ElasticNet__alpha=0.1,l1=0.5__raw",2,23,6,7.1313631686616406,57.13644927763854,65.70738804576403
"G1_trend__ElasticNet__alpha=0.1,l1=0.5__raw",3,23,6,8.740860060974402,65.14322150742952,86.72240399684824
"G1_trend__ElasticNet__alpha=0.1,l1=0.5__raw",4,23,6,11.454415492504301,109.71131437996515,132.54312782410736
"G1_trend__ElasticNet__alpha=0.1,l1=0.5__raw",5,24,5,15.339294093467112,94.98579829969253,123.30697306012215
"G1_trend__ElasticNet__alpha=0.1,l1=0.5__log",1,23,6,8.69189458410579,62.82707829431316,66.99400719938437
"G1_trend__ElasticNet__alpha=0.1,l1=0.5__log",2,23,6,7.335613864163758,59.39558418534828,73.57190489936941
"G1_trend__ElasticNet__alpha=0.1,l1=0.5__log",3,23,6,9.142113584452211,67.27499145670531,77.32373121548235
"G1_trend__ElasticNet__alpha=0.1,l1=0.5__log",4,23,6,13.219134420613507,129.8480328596168,160.63939412361344
"G1_trend__ElasticNet__alpha=0.1,l1=0.5__log",5,24,5,11.817346698395248,72.25937511543592,88.84001232945151
"G1_trend__RandomForest__depth=2,leaf=2__raw",1,23,6,5.780820381897458,45.981208384208365,65.95894525222758
"G1_trend__RandomForest__depth=2,leaf=2__raw",2,23,6,6.242781201246337,48.60316810966814,55.53080580873987
"G1_trend__RandomForest__depth=2,leaf=2__raw",3,23,6,7.83549702771207,59.725597037222066,90.49605673298075
"G1_trend__RandomForest__depth=2,leaf=2__raw",4,23,6,15.394327104914757,139.77719760332258,153.59766822653162
"G1_trend__RandomForest__depth=2,leaf=2__raw",5,24,5,11.479836158031969,75.70733911088914,85.38744659911858
"G1_trend__RandomForest__depth=2,leaf=2__log",1,23,6,5.829248409866093,46.322029426623374,66.48179131110211
"G1_trend__RandomForest__depth=2,leaf=2__log",2,23,6,6.3794937392404965,49.633523561036874,59.032365298292454
"G1_trend__RandomForest__depth=2,leaf=2__log",3,23,6,7.317281467853963,56.07125090905166,87.33551336845203
"G1_trend__RandomForest__depth=2,leaf=2__log",4,23,6,15.245235818747515,138.8616872725446,153.0637596479441
"G1_trend__RandomForest__depth=2,leaf=2__log",5,24,5,11.067853051483887,72.95109891734766,81.79823384967777
"G1_trend__RandomForest__depth=3,leaf=2__raw",1,23,6,5.697768915234054,45.52538888888885,67.10737902819902
"G1_trend__RandomForest__depth=3,leaf=2__raw",2,23,6,5.958629869188056,46.125139490139475,54.09157515291519
"G1_trend__RandomForest__depth=3,leaf=2__raw",3,23,6,8.668936314702801,65.06574404761905,91.19010246748293
"G1_trend__RandomForest__depth=3,leaf=2__raw",4,23,6,16.5282832816402,149.62670502645497,162.12768775991313
"G1_trend__RandomForest__depth=3,leaf=2__raw",5,24,5,11.539681788054024,77.10497135642143,91.59470119332902
"G1_trend__RandomForest__depth=3,leaf=2__log",1,23,6,5.752983957551746,45.881801293423415,67.29601825565788
"G1_trend__RandomForest__depth=3,leaf=2__log",2,23,6,5.722947346687066,44.32362316741239,53.96429905747907
"G1_trend__RandomForest__depth=3,leaf=2__log",3,23,6,8.019726965239403,60.809198523351576,87.97707926382357
"G1_trend__RandomForest__depth=3,leaf=2__log",4,23,6,16.582074641853104,150.10756225453625,162.6878747952305
"G1_trend__RandomForest__depth=3,leaf=2__log",5,24,5,11.482097817677243,76.691317193891,90.20601406207506
"G1_trend__GradientBoosting__trees=60,depth=1__raw",1,23,6,7.368322087139663,57.59754266164629,86.17253653051485
"G1_trend__GradientBoosting__trees=60,depth=1__raw",2,23,6,6.173255664315144,48.03528705043677,57.2462246372223
"G1_trend__GradientBoosting__trees=60,depth=1__raw",3,23,6,5.280162279808359,39.112738256190106,74.48154670828166
"G1_trend__GradientBoosting__trees=60,depth=1__raw",4,23,6,14.994770093269388,137.6032599939663,152.84504674570198
"G1_trend__GradientBoosting__trees=60,depth=1__raw",5,24,5,12.980625057242158,81.91746187267104,94.41343610608529
"G1_trend__GradientBoosting__trees=60,depth=1__log",1,23,6,8.026397015821528,62.49655662557806,90.83548994586091
"G1_trend__GradientBoosting__trees=60,depth=1__log",2,23,6,6.230363296631424,48.40240402017351,57.43143280855886
"G1_trend__GradientBoosting__trees=60,depth=1__log",3,23,6,4.873871224253143,35.85729414015665,70.09416875246525
"G1_trend__GradientBoosting__trees=60,depth=1__log",4,23,6,15.093151711361855,139.0949977883972,154.7475158477964
"G1_trend__GradientBoosting__trees=60,depth=1__log",5,24,5,12.095031609359868,76.88317942043406,87.06400190688775
"G1_trend__GradientBoosting__trees=120,depth=2__raw",1,23,6,8.745542213542047,66.80300641951114,91.90818007545488
"G1_trend__GradientBoosting__trees=120,depth=2__raw",2,23,6,7.37456183309151,58.64909075103194,64.49579403744828
"G1_trend__GradientBoosting__trees=120,depth=2__raw",3,23,6,7.843877671289243,57.70793572779282,83.04931033852336
"G1_trend__GradientBoosting__trees=120,depth=2__raw",4,23,6,16.608434044398997,150.89840215130332,160.1737600769152
"G1_trend__GradientBoosting__trees=120,depth=2__raw",5,24,5,12.94262523482192,88.68366341508604,113.64731137026467
"G1_trend__GradientBoosting__trees=120,depth=2__log",1,23,6,9.107459798593895,69.76978238675264,95.4899701129871
"G1_trend__GradientBoosting__trees=120,depth=2__log",2,23,6,7.722261723131457,61.19410828125272,68.60704287209752
"G1_trend__GradientBoosting__trees=120,depth=2__log",3,23,6,6.371589501662735,47.53476409841229,78.04479150584578
"G1_trend__GradientBoosting__trees=120,depth=2__log",4,23,6,16.32794236120114,148.92850318221778,159.41790458885148
"G1_trend__GradientBoosting__trees=120,depth=2__log",5,24,5,12.879086618646813,88.72829913542762,113.71859567863821
G2_charge__Ridge__alpha=0.1__raw,1,23,6,6.394162700043498,48.071912217150384,55.09795011370072
G2_charge__Ridge__alpha=0.1__raw,2,23,6,8.281340605800974,70.20589749386897,86.19240629829143
G2_charge__Ridge__alpha=0.1__raw,3,23,6,21.98733442493348,167.07519919608131,239.32832229713836
G2_charge__Ridge__alpha=0.1__raw,4,23,6,11.265472598068097,108.3743267068183,130.92393955019227
G2_charge__Ridge__alpha=0.1__raw,5,24,5,17.210613657255365,106.2248340797208,135.82837609160154
G2_charge__Ridge__alpha=0.1__log,1,23,6,5.874310488072251,45.38875199873572,57.203536550650846
G2_charge__Ridge__alpha=0.1__log,2,23,6,9.540231599217961,81.72621603697125,103.78217969969836
G2_charge__Ridge__alpha=0.1__log,3,23,6,26.71655434515829,204.78358859275644,296.037332890506
G2_charge__Ridge__alpha=0.1__log,4,23,6,10.928441011779512,105.56922465335725,129.04851959112472
G2_charge__Ridge__alpha=0.1__log,5,24,5,17.253953716228427,106.7329771428283,139.76460361154102
G2_charge__Ridge__alpha=10__raw,1,23,6,6.6940090933001,49.300843450724926,56.894850071891405
G2_charge__Ridge__alpha=10__raw,2,23,6,5.589651846599702,46.772113213397084,59.16199599966977
G2_charge__Ridge__alpha=10__raw,3,23,6,16.739874722694477,125.10305021431095,163.50070051318232
G2_charge__Ridge__alpha=10__raw,4,23,6,12.459680572875294,121.92690384899375,149.92660804448488
G2_charge__Ridge__alpha=10__raw,5,24,5,15.87777370783415,97.81032394985917,114.69570186905464
G2_charge__Ridge__alpha=10__log,1,23,6,6.631700682453401,49.577073671704476,59.52829485107076
G2_charge__Ridge__alpha=10__log,2,23,6,5.616184571234681,47.88216355220491,64.37872516285512
G2_charge__Ridge__alpha=10__log,3,23,6,18.61764586535967,140.75222338141933,185.08608195309668
G2_charge__Ridge__alpha=10__log,4,23,6,12.310482087930202,121.1532252048578,150.84581534615432
G2_charge__Ridge__alpha=10__log,5,24,5,15.261809547009653,93.59785323460444,113.61632358033519
"G2_charge__ElasticNet__alpha=0.01,l1=0.5__raw",1,23,6,6.384319475872662,48.00847240944366,55.06818446916675
"G2_charge__ElasticNet__alpha=0.01,l1=0.5__raw",2,23,6,8.266912483852591,70.08815798247814,86.02571884732217
"G2_charge__ElasticNet__alpha=0.01,l1=0.5__raw",3,23,6,21.936745293324286,166.6906783460986,238.74501060145036
"G2_charge__ElasticNet__alpha=0.01,l1=0.5__raw",4,23,6,11.269251277789365,108.42030501985244,130.988265959302
"G2_charge__ElasticNet__alpha=0.01,l1=0.5__raw",5,24,5,17.20452655278591,106.19142662133659,135.69704191565557
"G2_charge__ElasticNet__alpha=0.01,l1=0.5__log",1,23,6,5.913254562750949,46.04478520084793,59.89277489473728
"G2_charge__ElasticNet__alpha=0.01,l1=0.5__log",2,23,6,8.444504700692017,71.1828529910512,84.44525629509322
"G2_charge__ElasticNet__alpha=0.01,l1=0.5__log",3,23,6,22.524490421992827,172.1694087897106,242.4484203137227
"G2_charge__ElasticNet__alpha=0.01,l1=0.5__log",4,23,6,11.056050225343078,106.9762589108231,131.06211994051816
"G2_charge__ElasticNet__alpha=0.01,l1=0.5__log",5,24,5,15.004190002246407,94.14681420190684,121.76169408754885
"G2_charge__ElasticNet__alpha=0.1,l1=0.5__raw",1,23,6,6.064817190221959,45.84197929731963,53.787148712207745
"G2_charge__ElasticNet__alpha=0.1,l1=0.5__raw",2,23,6,7.486438209639683,63.72425869546553,77.39720797620966
"G2_charge__ElasticNet__alpha=0.1,l1=0.5__raw",3,23,6,19.89915929550554,151.07018719199166,214.2450164226509
"G2_charge__ElasticNet__alpha=0.1,l1=0.5__raw",4,23,6,11.487666504140726,111.05664962918758,134.73021534738595
"G2_charge__ElasticNet__alpha=0.1,l1=0.5__raw",5,24,5,17.00805862805049,105.08528553547244,130.67451577870713
"G2_charge__ElasticNet__alpha=0.1,l1=0.5__log",1,23,6,8.69189458410579,62.82707829431316,66.99400719938437
"G2_charge__ElasticNet__alpha=0.1,l1=0.5__log",2,23,6,7.335613864163758,59.39558418534828,73.57190489936941
"G2_charge__ElasticNet__alpha=0.1,l1=0.5__log",3,23,6,9.142113584452211,67.27499145670531,77.32373121548235
"G2_charge__ElasticNet__alpha=0.1,l1=0.5__log",4,23,6,13.219134420613507,129.8480328596168,160.63939412361344
"G2_charge__ElasticNet__alpha=0.1,l1=0.5__log",5,24,5,13.220595449617608,79.84422140887986,98.91902639024028
"G2_charge__RandomForest__depth=2,leaf=2__raw",1,23,6,5.858826322895303,46.19684727309724,63.32519025086651
"G2_charge__RandomForest__depth=2,leaf=2__raw",2,23,6,6.277556680133635,47.96059917397414,55.34953177803609
"G2_charge__RandomForest__depth=2,leaf=2__raw",3,23,6,8.585325454609848,64.85617201317201,95.97963526576508
"G2_charge__RandomForest__depth=2,leaf=2__raw",4,23,6,15.731831292249602,143.34214010064028,156.71404982625324
"G2_charge__RandomForest__depth=2,leaf=2__raw",5,24,5,13.668439262498424,85.55045569430561,103.55042094019085
"G2_charge__RandomForest__depth=2,leaf=2__log",1,23,6,5.8717998636347986,46.05372372215512,61.970758335677615
"G2_charge__RandomForest__depth=2,leaf=2__log",2,23,6,6.347536889505628,48.72019394470675,57.10797445885316
"G2_charge__RandomForest__depth=2,leaf=2__log",3,23,6,7.960238293454848,60.5706776989378,92.54505654222245
"G2_charge__RandomForest__depth=2,leaf=2__log",4,23,6,15.724550698292768,144.06527954822508,158.02826174937064
"G2_charge__RandomForest__depth=2,leaf=2__log",5,24,5,12.80181007993244,79.97396268162854,96.4323422069941
"G2_charge__RandomForest__depth=3,leaf=2__raw",1,23,6,5.9671471331459305,46.81063888888889,62.69668724341619
"G2_charge__RandomForest__depth=3,leaf=2__raw",2,23,6,6.346779416141659,48.482615680615766,56.04587583312237
"G2_charge__RandomForest__depth=3,leaf=2__raw",3,23,6,8.931113798870088,66.93255158730148,96.54017938006302
"G2_charge__RandomForest__depth=3,leaf=2__raw",4,23,6,16.6050119484124,151.04680489417999,163.1327018973615
"G2_charge__RandomForest__depth=3,leaf=2__raw",5,24,5,14.19504007673534,90.59165223665222,110.80427107896615
"G2_charge__RandomForest__depth=3,leaf=2__log",1,23,6,6.025442661616007,47.130786570945986,62.85385312380023
"G2_charge__RandomForest__depth=3,leaf=2__log",2,23,6,6.21231481169557,47.5501174629253,55.48627813159828
"G2_charge__RandomForest__depth=3,leaf=2__log",3,23,6,8.457238498365925,63.66320043426904,92.73377584046837
"G2_charge__RandomForest__depth=3,leaf=2__log",4,23,6,16.7560541913825,152.78046105038914,164.97427223116318
"G2_charge__RandomForest__depth=3,leaf=2__log",5,24,5,13.584325728689425,86.9948369493641,105.58232820275661
"G2_charge__GradientBoosting__trees=60,depth=1__raw",1,23,6,7.458858210730203,58.131805266846186,85.83589715260769
"G2_charge__GradientBoosting__trees=60,depth=1__raw",2,23,6,6.366584655103491,48.72287217454332,57.06758598736787
"G2_charge__GradientBoosting__trees=60,depth=1__raw",3,23,6,5.843979684253921,43.56270204416038,80.47625689099422
"G2_charge__GradientBoosting__trees=60,depth=1__raw",4,23,6,16.021648579358697,147.6626734195903,162.93232068211591
"G2_charge__GradientBoosting__trees=60,depth=1__raw",5,24,5,17.69636061108265,106.2422874286588,132.1825634108466
"G2_charge__GradientBoosting__trees=60,depth=1__log",1,23,6,7.946786944571879,61.85521726554098,89.82977447691323
"G2_charge__GradientBoosting__trees=60,depth=1__log",2,23,6,6.4057990887329455,49.26486005445643,57.96442159859892
"G2_charge__GradientBoosting__trees=60,depth=1__log",3,23,6,5.195458680079178,38.44451865144337,73.57674165837435
"G2_charge__GradientBoosting__trees=60,depth=1__log",4,23,6,16.062893237544312,148.59030999051694,164.40666692282986
"G2_charge__GradientBoosting__trees=60,depth=1__log",5,24,5,15.913788660319181,95.73579887878176,118.47425492759334
"G2_charge__GradientBoosting__trees=120,depth=2__raw",1,23,6,10.40106824781005,79.16241162154073,95.56171667908916
"G2_charge__GradientBoosting__trees=120,depth=2__raw",2,23,6,7.328487249674907,54.42173915936123,66.01844245549647
"G2_charge__GradientBoosting__trees=120,depth=2__raw",3,23,6,6.847212465492146,50.967832453982226,88.75615760237363
"G2_charge__GradientBoosting__trees=120,depth=2__raw",4,23,6,18.90669092726349,171.01146211022342,180.06638471461397
"G2_charge__GradientBoosting__trees=120,depth=2__raw",5,24,5,18.035760911531277,115.85932203103957,146.87703400222256
"G2_charge__GradientBoosting__trees=120,depth=2__log",1,23,6,9.458695526469656,72.69841026436497,92.19948353247939
"G2_charge__GradientBoosting__trees=120,depth=2__log",2,23,6,5.49344152075232,41.29020925788014,51.48659865996389
"G2_charge__GradientBoosting__trees=120,depth=2__log",3,23,6,6.891133925066671,51.78634615635991,92.64640165790864
"G2_charge__GradientBoosting__trees=120,depth=2__log",4,23,6,18.950414386496153,172.07130833354813,181.7767485844087
"G2_charge__GradientBoosting__trees=120,depth=2__log",5,24,5,17.942833710308598,115.26290785433225,146.8938299504319
G3_thermal__Ridge__alpha=0.1__raw,1,23,6,8.548661312064905,64.40043961336465,78.96230398673163
G3_thermal__Ridge__alpha=0.1__raw,2,23,6,8.593975255422563,73.26404729496994,89.3380474706944
G3_thermal__Ridge__alpha=0.1__raw,3,23,6,28.163420943713675,217.08975638383382,310.6942215895299
G3_thermal__Ridge__alpha=0.1__raw,4,23,6,11.96490100320258,113.76183987872662,132.97040223128297
G3_thermal__Ridge__alpha=0.1__raw,5,24,5,17.181020072882205,106.04199513956503,135.6901263466601
G3_thermal__Ridge__alpha=0.1__log,1,23,6,8.2582990770478,64.18148441549693,85.77656619995457
G3_thermal__Ridge__alpha=0.1__log,2,23,6,10.08058702581586,86.52883642080343,108.62995019838016
G3_thermal__Ridge__alpha=0.1__log,3,23,6,36.74130350091334,285.1300257048062,419.67592803861925
G3_thermal__Ridge__alpha=0.1__log,4,23,6,11.592526704088636,110.68345112481246,130.87980937673092
G3_thermal__Ridge__alpha=0.1__log,5,24,5,17.295000616253038,106.92969089757783,140.14331956651793
G3_thermal__Ridge__alpha=10__raw,1,23,6,6.690830809930226,48.93036309639157,55.09492153106883
G3_thermal__Ridge__alpha=10__raw,2,23,6,5.777449551616238,49.078355820677906,61.3422352745984
G3_thermal__Ridge__alpha=10__raw,3,23,6,16.99374323564845,128.58529810705437,168.05046321024696
G3_thermal__Ridge__alpha=10__raw,4,23,6,13.03315718015947,125.94999204044029,149.88824189664066
G3_thermal__Ridge__alpha=10__raw,5,24,5,15.050592049434247,92.51869333013023,111.16141664460636
G3_thermal__Ridge__alpha=10__log,1,23,6,6.63944261308244,49.741754049816166,60.28073775924796
G3_thermal__Ridge__alpha=10__log,2,23,6,6.198499470949878,52.98239512294847,67.12459014973848
G3_thermal__Ridge__alpha=10__log,3,23,6,19.09783587734531,145.81727216277218,191.9111173637527
G3_thermal__Ridge__alpha=10__log,4,23,6,12.843196202756799,124.86453165360332,150.54950917577185
G3_thermal__Ridge__alpha=10__log,5,24,5,14.808336294973751,90.97916097752189,110.87177688891146
"G3_thermal__ElasticNet__alpha=0.01,l1=0.5__raw",1,23,6,8.523906479184774,64.22442176692317,78.7617519505905
"G3_thermal__ElasticNet__alpha=0.01,l1=0.5__raw",2,23,6,8.583217456235454,73.17491159068072,89.18683593606134
"G3_thermal__ElasticNet__alpha=0.01,l1=0.5__raw",3,23,6,28.009759967137853,215.91075621584892,308.98835967792587
"G3_thermal__ElasticNet__alpha=0.01,l1=0.5__raw",4,23,6,11.968366242373154,113.8015606586603,133.021137655274
"G3_thermal__ElasticNet__alpha=0.01,l1=0.5__raw",5,24,5,17.16672244485308,105.95784516042997,135.52049380218048
"G3_thermal__ElasticNet__alpha=0.01,l1=0.5__log",1,23,6,6.701788027915308,52.91808490268634,73.90926214612931
"G3_thermal__ElasticNet__alpha=0.01,l1=0.5__log",2,23,6,8.499412994460153,72.0879242814899,86.17644107442182
"G3_thermal__ElasticNet__alpha=0.01,l1=0.5__log",3,23,6,28.90869288213781,223.4298161027775,319.8933086376736
"G3_thermal__ElasticNet__alpha=0.01,l1=0.5__log",4,23,6,11.512618778247182,110.49415763393658,132.15784089147058
"G3_thermal__ElasticNet__alpha=0.01,l1=0.5__log",5,24,5,15.004224598894023,94.1469795392226,121.76182099948983
"G3_thermal__ElasticNet__alpha=0.1,l1=0.5__raw",1,23,6,7.183160272945459,54.73814092046268,68.71042590322163
"G3_thermal__ElasticNet__alpha=0.1,l1=0.5__raw",2,23,6,8.003374582143964,68.36562606508011,81.37693974720763
"G3_thermal__ElasticNet__alpha=0.1,l1=0.5__raw",3,23,6,22.825265859838602,175.89019545123156,249.78183563615923
"G3_thermal__ElasticNet__alpha=0.1,l1=0.5__raw",4,23,6,12.199926184267545,116.40437583722343,136.31841515991317
"G3_thermal__ElasticNet__alpha=0.1,l1=0.5__raw",5,24,5,16.633997773886858,102.76321804196213,128.95008961433734
"G3_thermal__ElasticNet__alpha=0.1,l1=0.5__log",1,23,6,8.69189458410579,62.82707829431316,66.99400719938437
"G3_thermal__ElasticNet__alpha=0.1,l1=0.5__log",2,23,6,7.335613864163758,59.39558418534828,73.57190489936941
"G3_thermal__ElasticNet__alpha=0.1,l1=0.5__log",3,23,6,9.142113584452211,67.27499145670531,77.32373121548235
"G3_thermal__ElasticNet__alpha=0.1,l1=0.5__log",4,23,6,13.219134420613507,129.8480328596168,160.63939412361344
"G3_thermal__ElasticNet__alpha=0.1,l1=0.5__log",5,24,5,13.220595449617608,79.84422140887986,98.91902639024028
"G3_thermal__RandomForest__depth=2,leaf=2__raw",1,23,6,5.6503004995796156,44.75143879268884,62.9859731093522
"G3_thermal__RandomForest__depth=2,leaf=2__raw",2,23,6,7.476483555969736,58.09867803030295,63.006686622413646
"G3_thermal__RandomForest__depth=2,leaf=2__raw",3,23,6,8.086213126430742,60.616809519184606,89.66722619765115
"G3_thermal__RandomForest__depth=2,leaf=2__raw",4,23,6,16.0641396431791,145.62844777907287,157.24891361701484
"G3_thermal__RandomForest__depth=2,leaf=2__raw",5,24,5,14.111667184676774,87.69469466644463,105.4761126187132
"G3_thermal__RandomForest__depth=2,leaf=2__log",1,23,6,5.79808500171369,45.639743880048854,62.33102560355977
"G3_thermal__RandomForest__depth=2,leaf=2__log",2,23,6,7.339902444116393,57.088051716646795,64.52168435908001
"G3_thermal__RandomForest__depth=2,leaf=2__log",3,23,6,7.20422627380265,54.89734418801945,86.99555160808721
"G3_thermal__RandomForest__depth=2,leaf=2__log",4,23,6,16.01959231387227,146.17713648352336,158.73923930668798
"G3_thermal__RandomForest__depth=2,leaf=2__log",5,24,5,13.038633848754802,80.93711401987964,97.4854496676972
"G3_thermal__RandomForest__depth=3,leaf=2__raw",1,23,6,5.6363996049167895,44.274861111111115,60.038691972059866
"G3_thermal__RandomForest__depth=3,leaf=2__raw",2,23,6,7.879163607329365,60.66906926406923,67.55208023275594
"G3_thermal__RandomForest__depth=3,leaf=2__raw",3,23,6,7.9646303525359965,59.492996031745996,88.25320684005057
"G3_thermal__RandomForest__depth=3,leaf=2__raw",4,23,6,16.76816105263923,151.43962025012024,161.90775741157287
"G3_thermal__RandomForest__depth=3,leaf=2__raw",5,24,5,14.318500656284089,90.27059191919196,108.029523090378
"G3_thermal__RandomForest__depth=3,leaf=2__log",1,23,6,5.790579308508635,45.15984671302764,59.40192454593123
"G3_thermal__RandomForest__depth=3,leaf=2__log",2,23,6,7.597228406184171,58.86518277591131,67.95801393586694
"G3_thermal__RandomForest__depth=3,leaf=2__log",3,23,6,7.616556407159139,57.19684106233768,85.653438167023
"G3_thermal__RandomForest__depth=3,leaf=2__log",4,23,6,17.002461813894197,154.08480207208456,164.8205915901211
"G3_thermal__RandomForest__depth=3,leaf=2__log",5,24,5,13.573297288163156,85.77671348915408,101.96767736022557
"G3_thermal__GradientBoosting__trees=60,depth=1__raw",1,23,6,7.177222977127877,56.17826160360992,84.29026902869126
"G3_thermal__GradientBoosting__trees=60,depth=1__raw",2,23,6,6.393598744732793,49.07045721531838,57.5384863785146
"G3_thermal__GradientBoosting__trees=60,depth=1__raw",3,23,6,5.843979684253921,43.56270204416038,80.47625689099422
"G3_thermal__GradientBoosting__trees=60,depth=1__raw",4,23,6,16.021648579358697,147.6626734195903,162.93232068211591
"G3_thermal__GradientBoosting__trees=60,depth=1__raw",5,24,5,17.69636061108265,106.2422874286588,132.1825634108466
"G3_thermal__GradientBoosting__trees=60,depth=1__log",1,23,6,7.946786944571879,61.85521726554098,89.82977447691323
"G3_thermal__GradientBoosting__trees=60,depth=1__log",2,23,6,6.398685189657277,49.287702176261995,57.97576357918521
"G3_thermal__GradientBoosting__trees=60,depth=1__log",3,23,6,5.195458680079178,38.44451865144337,73.57674165837435
"G3_thermal__GradientBoosting__trees=60,depth=1__log",4,23,6,16.062893237544312,148.59030999051694,164.40666692282986
"G3_thermal__GradientBoosting__trees=60,depth=1__log",5,24,5,15.913788660319181,95.73579887878176,118.47425492759334
"G3_thermal__GradientBoosting__trees=120,depth=2__raw",1,23,6,10.365756430518275,79.07846627250196,97.97117888253106
"G3_thermal__GradientBoosting__trees=120,depth=2__raw",2,23,6,11.704370209561162,91.74467230075538,97.57937139273926
"G3_thermal__GradientBoosting__trees=120,depth=2__raw",3,23,6,7.813532262071009,58.267851912970265,90.7559662364255
"G3_thermal__GradientBoosting__trees=120,depth=2__raw",4,23,6,19.380248082349354,173.95676826920723,182.66061706674583
"G3_thermal__GradientBoosting__trees=120,depth=2__raw",5,24,5,18.210525889064346,117.15425431689285,147.65363841243794
"G3_thermal__GradientBoosting__trees=120,depth=2__log",1,23,6,9.333145032645428,71.93050899178307,91.00558656658757
"G3_thermal__GradientBoosting__trees=120,depth=2__log",2,23,6,10.26824275861079,81.4438485655162,87.86557114195655
"G3_thermal__GradientBoosting__trees=120,depth=2__log",3,23,6,6.96135820053964,52.74756566469912,88.17924614710869
"G3_thermal__GradientBoosting__trees=120,depth=2__log",4,23,6,19.707791506499593,177.28562534485664,186.41351676914317
"G3_thermal__GradientBoosting__trees=120,depth=2__log",5,24,5,18.042258604680658,116.47697370254593,147.06949122974285
G4_current__Ridge__alpha=0.1__raw,1,23,6,9.07887830108379,68.36962781234182,93.71879758195047
G4_current__Ridge__alpha=0.1__raw,2,23,6,7.855952870981555,61.27740358169833,70.20095659350778
G4_current__Ridge__alpha=0.1__raw,3,23,6,6.192857900256147,46.37305324015606,70.16311452713322
G4_current__Ridge__alpha=0.1__raw,4,23,6,10.738310476181308,100.86588380166592,114.3202560849453
G4_current__Ridge__alpha=0.1__raw,5,24,5,7.914782482555835,59.23504570846414,87.53626457168183
G4_current__Ridge__alpha=0.1__log,1,23,6,8.854265615186664,67.41879774422209,91.88200294551307
G4_current__Ridge__alpha=0.1__log,2,23,6,7.70595954615469,61.431917822619916,70.78494136457734
G4_current__Ridge__alpha=0.1__log,3,23,6,6.46775632548332,49.16980837152681,71.98886637344052
G4_current__Ridge__alpha=0.1__log,4,23,6,10.10763476500549,94.52907580924999,104.72915952617372
G4_current__Ridge__alpha=0.1__log,5,24,5,8.778598348002243,65.06330733042708,94.46673512471565
G4_current__Ridge__alpha=10__raw,1,23,6,9.4708350256335,69.52978478452832,83.78531946520101
G4_current__Ridge__alpha=10__raw,2,23,6,8.913681393122678,70.18749826612004,76.54627889746469
G4_current__Ridge__alpha=10__raw,3,23,6,7.239393683937018,53.010660983301285,62.7366243422163
G4_current__Ridge__alpha=10__raw,4,23,6,10.983178729027347,104.84442811084728,125.31669478516092
G4_current__Ridge__alpha=10__raw,5,24,5,7.897519606369144,54.840927945357045,71.54961395096001
G4_current__Ridge__alpha=10__log,1,23,6,9.1861011356689,68.35954262138618,83.73876099014304
G4_current__Ridge__alpha=10__log,2,23,6,9.05779066761549,72.76833562738965,79.10960029322447
G4_current__Ridge__alpha=10__log,3,23,6,7.288889291979582,54.495333870602586,62.362587521663336
G4_current__Ridge__alpha=10__log,4,23,6,10.48323799178542,100.25303740991247,119.08687077562092
G4_current__Ridge__alpha=10__log,5,24,5,9.455790783253034,64.28039742016645,77.7758605805401
"G4_current__ElasticNet__alpha=0.01,l1=0.5__raw",1,23,6,9.076015489478499,68.34839499091721,93.67058184222257
"G4_current__ElasticNet__alpha=0.01,l1=0.5__raw",2,23,6,7.857775724067616,61.29287218393148,70.21133032227242
"G4_current__ElasticNet__alpha=0.01,l1=0.5__raw",3,23,6,6.187505377656735,46.33143760172444,70.11748559503955
"G4_current__ElasticNet__alpha=0.01,l1=0.5__raw",4,23,6,10.73855724796068,100.87018767281609,114.33213411008434
"G4_current__ElasticNet__alpha=0.01,l1=0.5__raw",5,24,5,7.900273524755043,59.144720869110415,87.47340497156222
"G4_current__ElasticNet__alpha=0.01,l1=0.5__log",1,23,6,8.777266835704845,66.77572813504155,90.61578999251107
"G4_current__ElasticNet__alpha=0.01,l1=0.5__log",2,23,6,7.871745097033046,62.84420316028237,71.80988291333344
"G4_current__ElasticNet__alpha=0.01,l1=0.5__log",3,23,6,6.414296492493254,48.7691225151205,71.49590533780021
"G4_current__ElasticNet__alpha=0.01,l1=0.5__log",4,23,6,10.244718606881008,96.56915611260241,109.46625603956792
"G4_current__ElasticNet__alpha=0.01,l1=0.5__log",5,24,5,8.938631010630727,65.02565162475165,90.82325927922771
"G4_current__ElasticNet__alpha=0.1,l1=0.5__raw",1,23,6,8.933847227449997,67.27478951377255,91.30688813212915
"G4_current__ElasticNet__alpha=0.1,l1=0.5__raw",2,23,6,8.024039046522658,62.68181492695478,71.10896842920246
"G4_current__ElasticNet__alpha=0.1,l1=0.5__raw",3,23,6,5.853773589789442,43.71176583489281,67.28686021851776
"G4_current__ElasticNet__alpha=0.1,l1=0.5__raw",4,23,6,10.751744416571885,101.1043672676797,114.99498669754368
"G4_current__ElasticNet__alpha=0.1,l1=0.5__raw",5,24,5,7.551903446287015,56.646955772138654,84.42461971862701
"G4_current__ElasticNet__alpha=0.1,l1=0.5__log",1,23,6,10.4022957623552,75.15141060330977,84.58758421659515
"G4_current__ElasticNet__alpha=0.1,l1=0.5__log",2,23,6,9.516889953397193,76.807496377704,83.06525068557256
"G4_current__ElasticNet__alpha=0.1,l1=0.5__log",3,23,6,8.768118138205152,64.83699986179225,72.18627490831902
"G4_current__ElasticNet__alpha=0.1,l1=0.5__log",4,23,6,12.995355216188695,127.49706371020845,157.5623530209121
"G4_current__ElasticNet__alpha=0.1,l1=0.5__log",5,24,5,10.823805165890969,66.97422218971346,82.1340961298747
"G4_current__RandomForest__depth=2,leaf=2__raw",1,23,6,7.827134430610416,60.51024420459714,79.83919776293347
"G4_current__RandomForest__depth=2,leaf=2__raw",2,23,6,8.28008419378709,65.52060742498246,71.10223427121024
"G4_current__RandomForest__depth=2,leaf=2__raw",3,23,6,5.919663938792798,43.56473328060838,62.97757868901191
"G4_current__RandomForest__depth=2,leaf=2__raw",4,23,6,15.657154658859215,142.18631986531975,155.72040413921601
"G4_current__RandomForest__depth=2,leaf=2__raw",5,24,5,11.935964444198062,78.86775350760362,83.23345854583322
"G4_current__RandomForest__depth=2,leaf=2__log",1,23,6,7.759883307608187,59.596638520090174,76.11276380586033
"G4_current__RandomForest__depth=2,leaf=2__log",2,23,6,8.46460102157054,66.8852831235031,72.36543705561093
"G4_current__RandomForest__depth=2,leaf=2__log",3,23,6,6.049720766900577,44.74954995929329,62.79313811330415
"G4_current__RandomForest__depth=2,leaf=2__log",4,23,6,15.30537767328738,139.5899710115879,153.71380400074256
"G4_current__RandomForest__depth=2,leaf=2__log",5,24,5,11.560735161925487,76.53356175803117,80.48467264661085
"G4_current__RandomForest__depth=3,leaf=2__raw",1,23,6,7.606449065120698,58.46210353535351,75.3907735041662
"G4_current__RandomForest__depth=3,leaf=2__raw",2,23,6,8.132348733531988,65.28850678025672,70.90995979452128
"G4_current__RandomForest__depth=3,leaf=2__raw",3,23,6,6.901443376743314,50.76329100529091,68.09709672767573
"G4_current__RandomForest__depth=3,leaf=2__raw",4,23,6,16.715475275232848,151.67903306878307,164.2678157349359
"G4_current__RandomForest__depth=3,leaf=2__raw",5,24,5,11.507441960897093,76.07436746031753,80.1055718336257
"G4_current__RandomForest__depth=3,leaf=2__log",1,23,6,7.42250648532011,57.188704599344895,73.68641029969358
"G4_current__RandomForest__depth=3,leaf=2__log",2,23,6,8.175459409327894,65.77187902401955,70.63573835979501
"G4_current__RandomForest__depth=3,leaf=2__log",3,23,6,6.968369937974467,51.68631819871981,67.7660921421372
"G4_current__RandomForest__depth=3,leaf=2__log",4,23,6,16.61859128052848,151.05053760026456,163.67373663222673
"G4_current__RandomForest__depth=3,leaf=2__log",5,24,5,11.23674008070063,74.13922127969413,77.76473336592228
"G4_current__GradientBoosting__trees=60,depth=1__raw",1,23,6,9.64566441067245,73.3620315099281,103.91274900107382
"G4_current__GradientBoosting__trees=60,depth=1__raw",2,23,6,5.902396825886921,47.00035787510679,54.827346689098306
"G4_current__GradientBoosting__trees=60,depth=1__raw",3,23,6,5.823848798311559,41.76721059157455,61.46404696504391
"G4_current__GradientBoosting__trees=60,depth=1__raw",4,23,6,14.985560541446816,137.46361768283262,152.6724569554648
"G4_current__GradientBoosting__trees=60,depth=1__raw",5,24,5,12.942167167032304,81.74217994754167,86.16349938062048
"G4_current__GradientBoosting__trees=60,depth=1__log",1,23,6,8.866561090528261,68.0992174415732,95.28476471269484
"G4_current__GradientBoosting__trees=60,depth=1__log",2,23,6,6.090429077612869,48.67143205659929,55.8244670466064
"G4_current__GradientBoosting__trees=60,depth=1__log",3,23,6,5.733662192517517,41.30543466021339,60.38229089584758
"G4_current__GradientBoosting__trees=60,depth=1__log",4,23,6,15.084995955851474,138.9713339478051,154.58576792166068
"G4_current__GradientBoosting__trees=60,depth=1__log",5,24,5,12.462968001676282,79.32180265869233,82.32073682086084
"G4_current__GradientBoosting__trees=120,depth=2__raw",1,23,6,8.037686544370926,60.45253421963412,70.88217918784501
"G4_current__GradientBoosting__trees=120,depth=2__raw",2,23,6,6.58915457520115,54.24685729668454,65.40549343725588
"G4_current__GradientBoosting__trees=120,depth=2__raw",3,23,6,8.242433675662523,60.275206389594324,69.24868358313404
"G4_current__GradientBoosting__trees=120,depth=2__raw",4,23,6,17.58103548579811,159.33192230704086,170.67089940934972
"G4_current__GradientBoosting__trees=120,depth=2__raw",5,24,5,10.425916601182506,67.2485119042743,74.56943851949332
"G4_current__GradientBoosting__trees=120,depth=2__log",1,23,6,7.925467103489632,59.549594929348245,70.25631392918746
"G4_current__GradientBoosting__trees=120,depth=2__log",2,23,6,6.703701317907372,55.58814397530566,67.37336849072786
"G4_current__GradientBoosting__trees=120,depth=2__log",3,23,6,8.690862077393396,63.352937080345804,71.34676305215599
"G4_current__GradientBoosting__trees=120,depth=2__log",4,23,6,17.279762246512064,156.91457655130836,168.9211388486343
"G4_current__GradientBoosting__trees=120,depth=2__log",5,24,5,10.277702626118106,66.60318907503975,73.1134662739614
