cell_id,policy_group,model_ape_pct,baseline_ape_pct
b2c0,5.2|0.58|4,31.77565540675925,61.9496855345912
b2c1,5.6|0.26|4.5,7.731263705486091,57.33197556008147
b2c10,4.8|0.8|4.8,23.867089598945817,57.01219512195122
b2c11,5.2|0.5|4.25,39.77385426111644,72.04899777282851
b2c12,4.65|0.44|5,1.1846109951896997,65.7725321888412
b2c13,4.65|0.69|6,20.301166654177987,67.93478260869566
b2c14,3.6|0.3|6,1.983130161658305,81.33802816901408
b2c15,3.6|0.09|5,62.58329260947185,95.07575757575758
b2c16,4.8|0.8|4.8,34.02104668852114,63.66525423728814
b2c17,5.6|0.26|4.5,34.916210139302734,64.01273885350318
b2c18,5.2|0.5|4.25,65.7920887257985,72.04899777282851
b2c19,6|0.6|3,34.12059198954099,97.06632653061224
b2c2,5.2|0.5|4.25,44.89324699255406,82.19339622641509
b2c20,5.2|0.58|4,23.594082607286758,57.97546012269939
b2c21,6|0.6|3,33.340993641090364,89.33823529411765
b2c24,4.8|0.8|4.8,38.02368056049561,50.29182879377432
b2c25,5.2|0.58|4,32.54051150494928,56.69371196754564
b2c26,5.6|0.26|4.5,8.65606762068219,71.66666666666667
b2c27,5.2|0.5|4.25,32.49182241619428,62.9746835443038
b2c28,4.8|0.8|4.8,36.145268287368545,76.77345537757436
b2c29,5.2|0.58|4,41.508042482946415,70.90707964601769
b2c3,4.65|0.44|5,26.913096848970383,54.809619238476955
b2c30,5.6|0.26|4.5,13.99549511288794,87.5
b2c31,5.6|0.26|4.5,31.188255294491977,81.76470588235294
b2c32,4.8|0.8|4.8,19.61714945340965,4.511742892459827
b2c33,5.2|0.58|4,10.488418337367188,32.23684210526316
b2c34,5.6|0.26|4.5,4.329963863255397,34.86509274873524
b2c4,4.65|0.69|6,11.363802052324182,73.98648648648648
b2c41,5.6|0.26|4.5,4.704682969589641,74.77375565610859
b2c42,5.2|0.5|4.25,32.09021982635166,62.9746835443038
b2c43,4.8|0.8|4.8,1.221619613731453,24.927113702623906
b2c44,5.2|0.58|4,29.65437053969803,8.145065398335316
b2c45,5.6|0.26|4.5,0.6285034905582276,22.517552657973923
b2c46,4.8|0.8|4.8,27.22592545812113,53.57852882703777
b2c5,3.6|0.3|6,0.3043470546945588,85.69711538461539
b2c6,3.6|0.09|5,65.67131202278829,96.56488549618321
b2c7,4.8|0.8|4.8,31.332563786253925,0.5791505791505791
b2c8,5.2|0.58|4,5.355421399343289,14.54646017699115
b2c9,5.6|0.26|4.5,36.512387769172264,2.338811630847029
