batch,life_group,n,log_var_delta_q,min_delta_q,mean_delta_q
Batch 1,Short <500,0,,,
Batch 1,Middle,36,-3.7860417986626755,-0.03829392006976415,-0.01720862246098195
Batch 1,Long >1000,10,-4.31031114951675,-0.02206965936130335,-0.00926484883987845
Batch 2,Short <500,28,-3.445668260579963,-0.05617991969714345,-0.02866502375951535
Batch 2,Middle,8,-4.152906040394658,-0.027065812650061048,-0.011180540932815699
Batch 2,Long >1000,3,-4.27134741684955,-0.0191648421122405,-0.008120054579074
Batch 3,Short <500,0,,,
Batch 3,Middle,21,-4.091369245668356,-0.0276460839609007,-0.0117654801974339
Batch 3,Long >1000,23,-4.3163135082513255,-0.0201470057216749,-0.0086930833729754
