batch,feature,n,spearman,p_unadjusted,pearson
Batch 1,log_var_delta_q,46,-0.8711607269559923,3.4849985796058345e-15,-0.8861231036774866
Batch 1,min_delta_q,46,0.8500061691261938,7.873942254887436e-14,0.8816450170696561
Batch 1,mean_delta_q,46,0.8281115101478308,1.244279606012411e-12,0.8538097844630058
Batch 1,qd_slope_10_100,46,0.5780189970287831,2.591413182024753e-05,0.5240855976164739
Batch 1,mean_qd,46,0.2259775506949916,0.13102183116425598,0.2045052865680561
Batch 1,std_qd,46,0.03065252256970819,0.8397435255976462,-0.24298354198382707
Batch 1,mean_ir,46,0.18903416836248615,0.20832366540750305,0.2179682927268747
Batch 1,delta_ir,46,-0.23257678593635733,0.1198469201580464,0.13057496150375472
Batch 1,mean_tavg,46,-0.37146910148360657,0.011029520555416826,-0.48177463667634024
Batch 1,mean_tmax,46,-0.32299247625263944,0.028567184242732763,-0.403595851944804
Batch 1,mean_chargetime,46,0.6130504513941638,5.920877244888837e-06,0.5770368723870706
Batch 1,c1,46,-0.48271400298540956,0.0006798301167917077,-0.5797191371008248
Batch 1,soc_switch,46,0.18515925395200944,0.21797286094610813,0.23455103060246424
Batch 1,c2,46,0.04741433338534666,0.7543523473289235,-0.09588674869190954
Batch 1,early_positive_current,46,0.4151350692489051,0.004120284241843885,0.42279596262927877
Batch 2,log_var_delta_q,39,-0.7089786451951733,4.3861659403161675e-07,-0.9018830736836406
Batch 2,min_delta_q,39,0.6608968552940159,4.665206004608516e-06,0.8185183255033296
Batch 2,mean_delta_q,39,0.6972365659772065,8.148446625957613e-07,0.767085207236818
Batch 2,qd_slope_10_100,39,-0.27097884540083944,0.09519926766108223,-0.48442174648260533
Batch 2,mean_qd,39,0.1118534270332191,0.4978161980690222,-0.3321111529328483
Batch 2,std_qd,39,-0.11337179934588724,0.49196175192540437,0.17065665682118641
Batch 2,mean_ir,33,-0.1992145072552431,0.26637028583084954,-0.6269999056734891
Batch 2,delta_ir,33,0.2864544173116499,0.10605548397555731,0.1945121372619399
Batch 2,mean_tavg,39,0.17602996344865884,0.2837477570664332,0.42461610583388815
Batch 2,mean_tmax,39,-0.13594493439422012,0.4092608517530202,0.018959890261716218
Batch 2,mean_chargetime,39,-0.38678004044699565,0.015000876374668608,0.0870333065220285
Batch 2,c1,39,0.05509278655119761,0.7390485991636518,0.19074658847387702
Batch 2,soc_switch,39,0.28781347990487877,0.07561362556004728,0.11611987845984807
Batch 2,c2,39,-0.11884016238051073,0.4711742552506387,-0.11630518850837056
Batch 2,early_positive_current,39,-0.1075007597369038,0.5147938651153222,0.19054047450478911
Batch 3,log_var_delta_q,44,-0.7972372984772357,9.421335181919783e-11,-0.7018620670132867
Batch 3,min_delta_q,44,0.7760236822430022,6.08445072278897e-10,0.6921158515446068
Batch 3,mean_delta_q,44,0.7561491314853485,2.93364606434711e-09,0.6391153658731697
Batch 3,qd_slope_10_100,44,0.1841567415948565,0.2314397277904956,0.3605002895048682
Batch 3,mean_qd,44,0.16223835405716025,0.29271836408601615,0.21749902104759916
Batch 3,std_qd,44,-0.35478187416322526,0.0181252445571419,-0.3562143076629004
Batch 3,mean_ir,44,0.16865177291867264,0.27379465192307473,0.1902327826477581
Batch 3,delta_ir,44,-0.21622383590241862,0.15862351698465862,-0.3959105948018766
Batch 3,mean_tavg,44,0.025371766924664505,0.8701417227972023,-0.021816779356474525
Batch 3,mean_tmax,44,-0.03509761091245256,0.8210625426175072,-0.10645484797584356
Batch 3,mean_chargetime,44,0.19641976227511102,0.20129041991450067,0.6374950111602667
Batch 3,c1,44,-0.22887519748075072,0.13507191452088127,-0.08289859421256333
Batch 3,soc_switch,44,0.44332485175807257,0.002578765642509396,0.5413599075607185
Batch 3,c2,44,0.015736317835818345,0.9192455550957178,-0.042746376392716987
Batch 3,early_positive_current,44,0.518359293696965,0.0003129137053118328,0.464309291851333
