cell_id,batch,accepted_settings,settings,acceptance_fraction,position_span_fraction_record
b1c0,Batch 1,5,27,0.18518518518518517,0.009999999999999969
b1c1,Batch 1,18,27,0.6666666666666666,0.0
b1c2,Batch 1,18,27,0.6666666666666666,0.0
b1c3,Batch 1,27,27,1.0,0.0
b1c4,Batch 1,27,27,1.0,0.0
b1c5,Batch 1,27,27,1.0,0.0
b1c6,Batch 1,27,27,1.0,0.0
b1c7,Batch 1,27,27,1.0,0.0
b1c8,Batch 1,27,27,1.0,0.0
b1c9,Batch 1,27,27,1.0,0.0
b1c10,Batch 1,27,27,1.0,0.0
b1c11,Batch 1,27,27,1.0,0.0
b1c12,Batch 1,27,27,1.0,0.0
b1c13,Batch 1,27,27,1.0,0.0
b1c14,Batch 1,27,27,1.0,0.0
b1c15,Batch 1,27,27,1.0,0.0
b1c16,Batch 1,27,27,1.0,0.0
b1c17,Batch 1,27,27,1.0,0.0
b1c18,Batch 1,27,27,1.0,0.0
b1c19,Batch 1,27,27,1.0,0.0
b1c20,Batch 1,27,27,1.0,0.0
b1c21,Batch 1,27,27,1.0,0.0
b1c22,Batch 1,27,27,1.0,0.0
b1c23,Batch 1,27,27,1.0,0.0
b1c24,Batch 1,27,27,1.0,0.0
b1c25,Batch 1,27,27,1.0,0.0
b1c26,Batch 1,27,27,1.0,0.0
b1c27,Batch 1,27,27,1.0,0.0
b1c28,Batch 1,27,27,1.0,0.0
b1c29,Batch 1,27,27,1.0,0.0
b1c30,Batch 1,27,27,1.0,0.0
b1c31,Batch 1,27,27,1.0,0.0
b1c32,Batch 1,27,27,1.0,0.0
b1c33,Batch 1,27,27,1.0,0.009999999999999896
b1c34,Batch 1,27,27,1.0,0.0
b1c35,Batch 1,27,27,1.0,0.0
b1c36,Batch 1,27,27,1.0,0.0
b1c37,Batch 1,27,27,1.0,0.0
b1c38,Batch 1,27,27,1.0,0.0
b1c39,Batch 1,27,27,1.0,0.0
b1c40,Batch 1,27,27,1.0,0.0
b1c41,Batch 1,27,27,1.0,0.0
b1c42,Batch 1,27,27,1.0,0.0
b1c43,Batch 1,27,27,1.0,0.0
b1c44,Batch 1,27,27,1.0,0.0
b1c45,Batch 1,27,27,1.0,0.0
b2c0,Batch 2,27,27,1.0,0.0
b2c1,Batch 2,27,27,1.0,0.0
b2c2,Batch 2,27,27,1.0,0.0
b2c3,Batch 2,27,27,1.0,0.0
b2c4,Batch 2,27,27,1.0,0.0
b2c5,Batch 2,27,27,1.0,0.0
b2c6,Batch 2,27,27,1.0,0.0
b2c7,Batch 2,27,27,1.0,0.0
b2c8,Batch 2,27,27,1.0,0.0
b2c9,Batch 2,27,27,1.0,0.0
b2c10,Batch 2,27,27,1.0,0.0
b2c11,Batch 2,27,27,1.0,0.0
b2c12,Batch 2,27,27,1.0,0.0
b2c13,Batch 2,27,27,1.0,0.0
b2c14,Batch 2,27,27,1.0,0.0
b2c15,Batch 2,27,27,1.0,0.0
b2c16,Batch 2,27,27,1.0,0.0
b2c17,Batch 2,27,27,1.0,0.0
b2c18,Batch 2,27,27,1.0,0.0
b2c19,Batch 2,27,27,1.0,0.0
b2c20,Batch 2,27,27,1.0,0.0
b2c21,Batch 2,27,27,1.0,0.0
b2c22,Batch 2,0,27,0.0,
b2c23,Batch 2,27,27,1.0,0.0
b2c24,Batch 2,27,27,1.0,0.0
b2c25,Batch 2,27,27,1.0,0.0
b2c26,Batch 2,27,27,1.0,0.0
b2c27,Batch 2,27,27,1.0,0.0
b2c28,Batch 2,27,27,1.0,0.009999999999999827
b2c29,Batch 2,27,27,1.0,0.0
b2c30,Batch 2,27,27,1.0,0.0
b2c31,Batch 2,27,27,1.0,0.0
b2c32,Batch 2,27,27,1.0,0.0
b2c33,Batch 2,27,27,1.0,0.0
b2c34,Batch 2,27,27,1.0,0.0
b2c35,Batch 2,27,27,1.0,0.0
b2c36,Batch 2,18,27,0.6666666666666666,0.0
b2c37,Batch 2,0,27,0.0,
b2c38,Batch 2,0,27,0.0,
b2c39,Batch 2,27,27,1.0,0.0
b2c40,Batch 2,27,27,1.0,0.0
b2c41,Batch 2,27,27,1.0,0.0
b2c42,Batch 2,27,27,1.0,0.0
b2c43,Batch 2,27,27,1.0,0.0
b2c44,Batch 2,27,27,1.0,0.0
b2c45,Batch 2,27,27,1.0,0.0
b2c46,Batch 2,27,27,1.0,0.0
b3c0,Batch 3,27,27,1.0,0.0
b3c1,Batch 3,27,27,1.0,0.0
b3c2,Batch 3,27,27,1.0,0.0
b3c3,Batch 3,27,27,1.0,0.0
b3c4,Batch 3,27,27,1.0,0.0
b3c5,Batch 3,27,27,1.0,0.0
b3c6,Batch 3,18,27,0.6666666666666666,0.0
b3c7,Batch 3,27,27,1.0,0.0
b3c8,Batch 3,27,27,1.0,0.0
b3c9,Batch 3,27,27,1.0,0.0
b3c10,Batch 3,27,27,1.0,0.0
b3c11,Batch 3,27,27,1.0,0.0
b3c12,Batch 3,27,27,1.0,0.0
b3c13,Batch 3,27,27,1.0,0.0
b3c14,Batch 3,27,27,1.0,0.0
b3c15,Batch 3,27,27,1.0,0.0
b3c16,Batch 3,27,27,1.0,0.0
b3c17,Batch 3,27,27,1.0,0.0
b3c18,Batch 3,27,27,1.0,0.0
b3c19,Batch 3,27,27,1.0,0.0
b3c20,Batch 3,27,27,1.0,0.0
b3c21,Batch 3,27,27,1.0,0.0
b3c22,Batch 3,27,27,1.0,0.0
b3c23,Batch 3,27,27,1.0,0.0
b3c24,Batch 3,27,27,1.0,0.0
b3c25,Batch 3,27,27,1.0,0.0
b3c26,Batch 3,27,27,1.0,0.0
b3c27,Batch 3,27,27,1.0,0.0
b3c28,Batch 3,27,27,1.0,0.0
b3c29,Batch 3,27,27,1.0,0.0
b3c30,Batch 3,27,27,1.0,0.0
b3c31,Batch 3,27,27,1.0,0.0
b3c32,Batch 3,27,27,1.0,0.0
b3c33,Batch 3,27,27,1.0,0.0
b3c34,Batch 3,27,27,1.0,0.0
b3c35,Batch 3,27,27,1.0,0.0
b3c36,Batch 3,27,27,1.0,0.0
b3c37,Batch 3,27,27,1.0,0.0
b3c38,Batch 3,27,27,1.0,0.0
b3c39,Batch 3,27,27,1.0,0.0
b3c40,Batch 3,27,27,1.0,0.0
b3c41,Batch 3,27,27,1.0,0.0
b3c42,Batch 3,27,27,1.0,0.0
b3c43,Batch 3,27,27,1.0,0.0
b3c44,Batch 3,27,27,1.0,0.0
b3c45,Batch 3,27,27,1.0,0.0
