batch,charging_policy,mean,std,count
Batch 1,3.6C(80%)-3.6C,1182.0,7.0,3
Batch 1,4.4C(80%)-4.4C,1074.0,,1
Batch 1,4.8C(80%)-4.8C,753.0,165.46298679765212,2
Batch 1,4C(80%)-4C,1226.5,0.7071067811865476,2
Batch 1,5.4C(40%)-3.6C,966.5,123.74368670764582,2
Batch 1,5.4C(50%)-3.6C,899.5,3.5355339059327378,2
Batch 1,5.4C(50%)-3C,847.0,83.43860018001261,2
Batch 1,5.4C(60%)-3.6C,859.5,3.5355339059327378,2
Batch 1,5.4C(60%)-3C,799.5,113.84419177103415,2
Batch 1,5.4C(70%)-3C,739.5,68.58935777509511,2
Batch 1,5.4C(80%)-5.4C,546.5,17.67766952966369,2
Batch 1,6C(30%)-3.6C,952.5,86.97413408594535,2
Batch 1,6C(40%)-3.6C,856.0,19.79898987322333,2
Batch 1,6C(40%)-3C,935.5,115.25840533340725,2
Batch 1,6C(50%)-3.6C,792.5,118.08683245815344,2
Batch 1,6C(50%)-3C,888.5,40.30508652763321,2
Batch 1,6C(60%)-3C,744.0,18.384776310850235,2
Batch 1,7C(30%)-3.6C,722.5,27.577164466275352,2
Batch 1,7C(40%)-3.6C,621.0,5.656854249492381,2
Batch 1,7C(40%)-3C,676.0,39.59797974644666,2
Batch 1,8C(15%)-3.6C,1008.5,60.10407640085654,2
Batch 1,8C(25%)-3.6C,676.5,36.062445840513924,2
Batch 1,8C(35%)-3.6C,607.5,12.020815280171307,2
Batch 2,3.6C(30%)-6C,421.0,7.0710678118654755,2
Batch 2,3.6C(80%)-3.6C(SLOWCYCLE,,,0
Batch 2,3.6C(9%)-5C,394.5,2.1213203435596424,2
Batch 2,3.6C(9%)-5C(SLOWCYCLE,,,0
Batch 2,4.65C(44%)-5C,482.5,23.33452377915607,2
Batch 2,4.65C(69%)-6C,452.0,11.313708498984761,2
Batch 2,4.8C(80%)-4.8C,483.6,30.319960422137754,5
Batch 2,4.8C(80%)-4.8C(SLOWCYCLE,,,0
Batch 2,4.8C(80%)-4.8C-newstructure,871.6666666666666,137.19086461325819,3
Batch 2,5.2C(50%)-4.25C,454.0,20.916500663351883,5
Batch 2,5.2C(58%)-4C,477.75,18.46392879824515,4
Batch 2,5.2C(58%)-4C(SLOWCYCLE,,,0
Batch 2,5.2C(58%)-4C-newstructure,961.6666666666666,157.62085310431905,3
Batch 2,5.6C(26%)-4.5C,448.5,29.12559012277692,6
Batch 2,5.6C(26%)-4.5C-newstructure,991.3333333333334,197.56096105590632,3
Batch 2,6C(60%)-3C,400.0,11.313708498984761,2
Batch 2,VarCharge-2C-100cycles,,,0
Batch 2,VarCharge-4C-100cycles,,,0
Batch 2,VarCharge-6C-100cycles,,,0
Batch 2,VarCharge-8C-100cycles,,,0
Batch 3,3.7C(31%)-5.9C-newstructure,660.0,115.65898149300814,3
Batch 3,4.8C(80%)-4.8C-newstructure,1564.1666666666667,285.72183442408925,6
Batch 3,5.3C(54%)-4C-newstructure,1074.375,129.67424846239024,8
Batch 3,5.6C(19%)-4.6C-newstructure,1001.375,174.55571153236843,8
Batch 3,5.6C(36%)-4.3C-newstructure,930.875,135.0242703051143,8
Batch 3,5.9C(15%)-4.6C-newstructure,867.0,12.727922061357855,2
Batch 3,5.9C(60%)-3.1C-newstructure,866.5,191.6259377015544,2
Batch 3,5C(67%)-4C-newstructure,1105.7142857142858,402.9117828531511,7
