cell_id,batch,raw_cell_index,cycle_life,charging_policy,n_summary_cycles,first_cycle,last_cycle,mean_qd,std_qd,invalid_QD,mean_qc,std_qc,invalid_QC,mean_ir,std_ir,invalid_IR,mean_tavg,std_tavg,invalid_Tavg,mean_tmax,std_tmax,invalid_Tmax,mean_tmin,std_tmin,invalid_Tmin,mean_chargetime,std_chargetime,invalid_chargetime,qd_last_valid,observed_eol_cycle,eol_not_observed,eol_below_088_observed,label_missing,qd_slope_10_100,delta_ir,knee_cycle,knee_fit_improvement,knee_slope_ratio,c1,soc_switch,c2,cycle_reference_count,early_positive_current,q10_points,q100_points,delta_available,log_var_delta_q,min_delta_q,mean_delta_q,delta_valid_points,eda_life_group,label550
b2c19,Batch 2,19,392.0,6C(60%)-3C,411,1.0,411.0,1.09472128,0.0028602450118968,0,1.087750816,0.0032149648698371,0,0.01671897276,8.906312050690061e-05,0,32.76991201802439,0.1452617341028561,0,36.54390200243137,0.3827583984523915,0,30.491892507845165,0.1749065899400912,0,10.173766266666714,0.0083298128358527,0,0.82597393,392.0,False,True,False,1.2324980092367542e-05,0.0002477685,306.74,0.9425328655780804,15.91249813263186,6.0,0.6,3.0,411,2.7424836545454543,1000,1000,True,-3.2915234927686763,-0.0656517508735375,-0.0343082077979218,1000,Short <500,0.0
b2c6,Batch 2,6,393.0,3.6C(9%)-5C,409,1.0,409.0,1.092913134,0.0029628047355596,0,1.084819962,0.0024457749755581,0,0.01604186506,0.0001166454894104,0,33.81745006948466,0.2571112524264949,0,39.79549926626684,0.2593691978914108,0,30.491173015965913,0.1187710257594257,0,10.179292016666745,0.001144367686341,0,0.82940364,393.0,False,True,False,5.756180124223628e-05,-0.0002018695,289.3,0.9224187329410364,10.68033887479796,3.6,0.09,5.0,409,1.7357004363636364,1000,1000,True,-3.529605174727932,-0.0498724789374046,-0.020824792460517,1000,Short <500,0.0
b2c15,Batch 2,15,396.0,3.6C(9%)-5C,414,1.0,414.0,1.0749797360000002,0.0030926595215552,0,1.065337183,0.0020319828621153,0,0.0163139075299999,0.0002244089821024,0,32.862312590345454,0.0968827219115745,0,36.06955824939098,0.2444392468630408,0,31.236260417571927,0.1933265692083607,0,10.17305868333338,0.0144640529402137,0,0.82608759,396.0,False,True,False,8.864344640866963e-05,-0.0006487725,304.92,0.9138774973427138,9.562189003615831,3.6,0.09,5.0,414,2.5478702909090907,1000,1000,True,-3.5158174150026964,-0.0509346763941556,-0.0241352883526542,1000,Short <500,0.0
b2c21,Batch 2,21,408.0,6C(60%)-3C,426,1.0,426.0,1.1010897552,0.0110512911526382,0,1.09501857,0.001641731207253,0,0.01720174435,8.599377121903788e-05,0,33.59820005445401,0.1617112187571751,0,38.6518784788995,0.4931786332918206,0,30.63038708969325,0.1284533267850944,0,10.174718300000022,0.0008553318931564,0,0.82783753,408.0,False,True,False,3.9052729096991255e-05,0.0002170204999999,309.52000000000004,0.9457424736029646,15.396862416498152,6.0,0.6,3.0,426,2.2566382636363636,1000,1000,True,-3.326244563425288,-0.064467582043982,-0.0332885526110049,1000,Short <500,0.0
b2c30,Batch 2,30,412.0,5.6C(26%)-4.5C,429,1.0,429.0,1.092999151,0.0034578807793416,0,1.1458711028000002,0.0165468500988677,0,0.0168940669499999,0.0002651240184246,0,33.81003990939852,0.1174590058479242,0,37.33979500154215,0.4080806447069036,0,30.364018950735986,0.2271857535299577,0,49.43361824999998,392.3199147752482,0,0.82665932,412.0,False,True,False,-8.940455964325517e-05,-0.0007469129999999,332.63,0.9264669981472596,9.834331651706584,5.6,0.26,4.5,429,2.9321271636363635,1000,1000,True,-3.1849750475008567,-0.0755230365113099,-0.0396558894899704,1000,Short <500,0.0
b2c5,Batch 2,5,416.0,3.6C(30%)-6C,445,1.0,445.0,1.088025367,0.0129336980852427,0,1.084104158,0.0063010097606874,0,0.0153065824999999,0.0001909133437472,0,33.01550370431462,0.1887836037097557,0,37.64690458017922,0.3504705130865925,0,30.5029328023874,0.1610191188413273,0,10.19850721666668,0.0163508896506446,0,0.8261537,416.0,False,True,False,-0.0001860224382863,-0.0004579094999999,297.1,0.907635907759971,4.0461969212435775,3.6,0.3,6.0,445,2.0457385636363634,1000,1000,True,-3.0854472125051675,-0.0861500284792774,-0.0464854046004899,1000,Short <500,0.0
b2c2,Batch 2,2,424.0,5.2C(50%)-4.25C,439,1.0,439.0,1.0746560542,0.0112369360355704,0,1.0671372339999998,0.0027876374729961,0,0.01646341462,0.0001033178308863,0,33.17756576063981,0.1762844514348411,0,37.427644510910824,0.3379967115657321,0,30.782682632197737,0.2286661933746469,0,10.175027650000056,0.0007755685108138,0,0.82700932,424.0,False,True,False,-6.105121197639826e-06,-0.0001041639999999,357.49,0.9023529970516646,15.72096844903524,5.2,0.5,4.25,439,3.3469977,1000,1000,True,-3.4598138533388,-0.0527178185440413,-0.025013386420214,1000,Short <500,0.0
b2c31,Batch 2,31,425.0,5.6C(26%)-4.5C,446,1.0,446.0,1.099834485,0.0017869538487184,0,1.1581067390000002,0.0022553944126796,0,0.01633070732,0.0002291010914877,0,33.375923495204454,0.5093035861368512,0,35.648417823524284,0.7015758722990421,0,31.050826015479252,0.5132935566833535,0,10.194311699999949,0.0321189385500709,0,0.82528561,425.0,False,True,False,4.7088318203547896e-05,-0.0002567944999999,332.64,0.9127929397124304,8.195163657203567,5.6,0.26,4.5,446,2.9417884363636357,1000,1000,True,-3.351924319713292,-0.0642288335820835,-0.0306244567640429,1000,Short <500,0.0
b2c14,Batch 2,14,426.0,3.6C(30%)-6C,461,1.0,461.0,1.079302612,0.0035480742375274,0,1.0755341188,0.015248139583069,0,0.0162701026,0.0002349406414014,0,32.124753255414234,0.149119542028075,0,35.20006219179895,0.359117751709116,0,30.38301359940932,0.1855396648251213,0,49.482795350000096,392.4467050208045,0,0.82618046,426.0,False,True,False,-0.0001001943749004,-0.0005256554999999,334.72,0.9613879767303553,7.164943076846344,3.6,0.3,6.0,461,3.5705330636363635,1000,1000,True,-3.1180854544748184,-0.0837144352028476,-0.0445557645103633,1000,Short <500,0.0
b2c28,Batch 2,28,437.0,4.8C(80%)-4.8C,456,1.0,456.0,1.094977019,0.0025847564867306,0,1.0818102211,0.0141412125008686,0,0.01628117509,0.0001607423437423,0,32.14418070388791,0.1277001168795823,0,35.3302582161644,0.273548463476164,0,30.272878608768973,0.2226935813325054,0,49.409072166666576,392.3562701523469,0,0.82741743,437.0,False,True,False,5.108195572543323e-05,-0.0002979489999999,331.12000000000006,0.928661205307438,10.7800419366616,4.8,0.8,4.8,456,1.9599640636363636,1000,1000,True,-3.4229766573491887,-0.0564913867827732,-0.0279893325926623,1000,Short <500,0.0
