cell_id,batch,raw_cell_index,cycle_life,charging_policy,n_summary_cycles,first_cycle,last_cycle,mean_qd,std_qd,invalid_QD,mean_qc,std_qc,invalid_QC,mean_ir,std_ir,invalid_IR,mean_tavg,std_tavg,invalid_Tavg,mean_tmax,std_tmax,invalid_Tmax,mean_tmin,std_tmin,invalid_Tmin,mean_chargetime,std_chargetime,invalid_chargetime,qd_last_valid,observed_eol_cycle,eol_not_observed,eol_below_088_observed,label_missing,qd_slope_10_100,delta_ir,knee_cycle,knee_fit_improvement,knee_slope_ratio,c1,soc_switch,c2,cycle_reference_count,early_positive_current,q10_points,q100_points,delta_available,log_var_delta_q,min_delta_q,mean_delta_q,delta_valid_points,eda_life_group,label550,tukey_low,tukey_high
b2c7,Batch 2,7,777.0,4.8C(80%)-4.8C-newstructure,806,1.0,806.0,1.092982529,0.0025127995691672,0,1.0846576090000002,0.0018961717122247,0,0.0147906000699999,4.2114842915330095e-05,0,33.766912217149354,0.2273756259267062,0,37.14445502401018,0.2763377339619134,0,30.73845954741821,0.349656893573504,0,10.035779716666658,0.0010260197647452,0,0.8264814,777.0,False,True,False,5.744192705845211e-05,-1.327400000000062e-05,622.92,0.929015859290089,10.148002691863582,4.8,0.8,4.8,806,2.5335457545454547,1000,1000,True,-4.231235578131388,-0.0217379799240435,-0.0088230998347084,1000,Middle,1.0,336.0,612.0
b2c8,Batch 2,8,904.0,5.2C(58%)-4C-newstructure,947,1.0,947.0,1.0901623493,0.0121573225334554,0,1.083968714,0.0016120676833686,0,0.01646674221,5.363174176298225e-05,0,33.59821236744562,0.1831285344336964,0,35.677756334230715,0.3434996638033866,0,31.612253667795,0.3488955513485095,0,10.039867333333332,0.000852596088299,0,0.8255862,904.0,False,True,False,-5.30790716674609e-05,-9.961999999998776e-06,712.75,0.970632981147354,24.814303865395132,5.2,0.58,4.0,947,2.197066218181818,1000,1000,True,-4.101987968526722,-0.0278411109453321,-0.0112034155800459,1000,Middle,1.0,336.0,612.0
b2c9,Batch 2,9,791.0,5.6C(26%)-4.5C-newstructure,819,1.0,819.0,1.097482268,0.001879897654633,0,1.089536803,0.0033712964630702,0,0.01539659944,8.908274796523036e-05,0,32.35755295299843,0.4356841585380624,0,33.59605648813232,0.8196248818450766,0,31.370145773910668,0.4401974015748233,0,10.039938566666658,0.002394991008641,0,0.82610458,791.0,False,True,False,-3.945754419493187e-05,-5.444249999999977e-05,641.02,0.9420614865047158,19.25784303554774,5.6,0.26,4.5,819,2.2539606818181817,1000,1000,True,-4.343991170888546,-0.0197541523253084,-0.007446960333569,1000,Middle,1.0,336.0,612.0
b2c32,Batch 2,32,809.0,4.8C(80%)-4.8C-newstructure,834,1.0,834.0,1.090031214,0.0030403300117599,0,1.079458911,0.014607286269384,0,0.01481114372,0.0001571497371635,0,32.16783240841186,0.0881883987967675,0,33.94412444996172,0.2240742520890366,0,30.536394337534645,0.2689160362215778,0,49.27513175000007,392.3414198580286,0,0.82744044,809.0,False,True,False,-7.674978818282664e-05,-7.135850000000027e-05,644.48,0.9192345365158636,9.659584456929478,4.8,0.8,4.8,834,2.399346790909091,1000,1000,True,-4.131031643392329,-0.0274612065130356,-0.0133899398336471,1000,Middle,1.0,336.0,612.0
b2c33,Batch 2,33,1140.0,5.2C(58%)-4C-newstructure,1190,1.0,1190.0,1.0706076800000002,0.0149529767169543,0,1.0701545980000002,0.003440276790925,0,0.01499290727,3.3153621995664615e-05,0,32.73895611525105,0.122401581893649,0,34.29814806747137,0.2895558575967624,0,31.026488085928023,0.4056503415283187,0,10.039557949999924,0.0019972891400116,0,0.82506907,1140.0,False,True,False,-0.0001396110686415,-3.639849999999972e-05,918.6,0.980582529472747,11.553154522308096,5.2,0.58,4.0,1190,3.9970373545454536,1000,1000,True,-4.2311938075637325,-0.0240847421362162,-0.0115795410077861,1000,Long >1000,1.0,336.0,612.0
b2c34,Batch 2,34,1186.0,5.6C(26%)-4.5C-newstructure,1252,1.0,1252.0,1.0671250090000002,0.0020888035316799,0,1.0635697586,0.0155662522122181,0,0.01495435383,4.524328257657856e-05,0,35.66583614425341,0.1678846401514026,0,38.96627418693022,0.3066143562375188,0,31.815152342144852,0.4445436136657417,0,49.2812586666667,392.4083346475344,0,0.82562441,1186.0,False,True,False,-6.514612836439189e-05,-3.0597999999999737e-05,966.34,0.9807089950200588,9.91437662538976,5.6,0.26,4.5,1252,4.4935098,1000,1000,True,-4.448150661550735,-0.0191429496439993,-0.008120054579074,1000,Long >1000,1.0,336.0,612.0
b2c43,Batch 2,43,1029.0,4.8C(80%)-4.8C-newstructure,1061,1.0,1061.0,1.098649702,0.0032152642943969,0,1.0896777130000002,0.0044587153903849,0,,,1061,33.91860336356293,0.484116893586947,0,36.959106807008,0.7986391198434221,0,30.858251918038107,0.1908824248611431,4,10.036757000000032,0.0010470021337217,0,0.82532436,1029.0,False,True,False,-8.207105590061978e-05,,829.78,0.9527514820593724,17.766617108010937,4.8,0.8,4.8,1061,1.9754961,1000,1000,True,-4.27134741684955,-0.0191648421122405,-0.0077783483513934,1000,Long >1000,1.0,336.0,612.0
b2c44,Batch 2,44,841.0,5.2C(58%)-4C-newstructure,874,1.0,874.0,1.09763018,0.0012841757230522,0,1.088652449,0.0113792350150249,0,,,874,33.956934554468496,0.1953755697841386,0,36.87556475443348,0.3344696298704521,0,30.996439284497846,0.1710091810935683,5,49.26516493333332,392.24665304054514,0,0.82503617,841.0,False,True,False,-2.9368394648826308e-05,,701.2,0.970845952052063,30.035436172729096,5.2,0.58,4.0,874,2.2587082636363633,1000,1000,True,-4.3640889685513224,-0.0203022776205166,-0.0087505726171709,1000,Middle,1.0,336.0,612.0
b2c45,Batch 2,45,997.0,5.6C(26%)-4.5C-newstructure,1027,1.0,1027.0,1.10123867,0.008315637384446,0,1.0939449640000003,0.0020601697989998,0,,,1027,35.27071288818467,0.1223764593815573,0,37.86716134641493,0.1692716593931632,0,32.53611370150211,0.1736920833879725,3,10.040191283333298,0.0025555185423383,0,0.82734823,997.0,False,True,False,-8.36388612836361e-05,,772.75,0.94453444908134,18.021324928173232,5.6,0.26,4.5,1027,2.306115918181818,1000,1000,True,-4.174780437396987,-0.0266704187870865,-0.0111576662855855,1000,Middle,1.0,336.0,612.0
b3c7,Batch 3,7,1836.0,4.8C(80%)-4.8C-newstructure,1835,1.0,1835.0,1.070140345,0.0007304149319414,0,1.069989134,0.0008681678862007,0,0.01542963463,3.567260034886149e-05,0,32.796573540122225,0.1182819476888839,0,34.274365488315254,0.1333605084026778,0,31.24740423221992,0.1275888527635532,0,11.040715933333365,0.0059599549996661,0,0.88036358,,False,False,False,-1.0694795349574862e-05,1.094150000000016e-05,1415.25,0.9684166170916048,7.39754497911881,4.8,0.8,4.8,1835,4.025808518181818,1000,1000,True,-4.48830767619389,-0.0170590218350703,-0.0070377790148798,1000,Long >1000,1.0,337.125,1646.125
b3c38,Batch 3,38,1935.0,5C(67%)-4C-newstructure,1934,1.0,1934.0,1.071954521,0.000537721890736,0,1.071803603,0.0005853297976449,0,0.01583763829,4.215421011392774e-05,0,34.743831508087126,0.1749597679247602,0,37.73701176388907,0.2542576025131922,0,31.5095396250924,0.1532267522451381,0,10.043712449999964,0.0011459436452619,0,0.88000458,,False,False,False,-1.464993948081487e-05,-7.15569999999964e-05,1529.96,0.9722420078537504,6.919200909338081,5.0,0.67,4.0,1934,3.994054618181818,1000,1000,True,-4.341618532018267,-0.0201470057216749,-0.0086930833729754,1000,Long >1000,1.0,337.125,1646.125
b3c45,Batch 3,45,1801.0,4.8C(80%)-4.8C-newstructure,1800,1.0,1800.0,1.071439217,0.0005292018442242,0,1.071282213,0.0005856100777502,0,0.01562028664,3.839632960349986e-05,0,32.724855320443154,0.1253166861002947,0,34.68002467582143,0.1636073804995512,0,30.852097606265037,0.1312628928818058,0,11.03858153333335,0.0035896660405591,0,0.88047254,,False,False,False,-5.629530179966145e-06,-2.3518499999999887e-05,1424.1,0.9670319534145744,7.299926963552754,4.8,0.8,4.8,1800,4.2551768999999995,1000,1000,True,-4.520416288811736,-0.0164779607403006,-0.0071317524619861,1000,Long >1000,1.0,337.125,1646.125
